{
    "name": "root",
    "gauges": {
        "RaceToGoal.Policy.Entropy.mean": {
            "value": 0.10170593857765198,
            "min": 0.0885649025440216,
            "max": 0.38674822449684143,
            "count": 150
        },
        "RaceToGoal.Policy.Entropy.sum": {
            "value": 1012.177490234375,
            "min": 887.0661010742188,
            "max": 3960.3017578125,
            "count": 150
        },
        "RaceToGoal.Step.mean": {
            "value": 1499936.0,
            "min": 9984.0,
            "max": 1499936.0,
            "count": 150
        },
        "RaceToGoal.Step.sum": {
            "value": 1499936.0,
            "min": 9984.0,
            "max": 1499936.0,
            "count": 150
        },
        "RaceToGoal.Policy.ExtrinsicValueEstimate.mean": {
            "value": 7.239686012268066,
            "min": 5.674705505371094,
            "max": 7.863099098205566,
            "count": 150
        },
        "RaceToGoal.Policy.ExtrinsicValueEstimate.sum": {
            "value": 1143.870361328125,
            "min": 885.2540283203125,
            "max": 1242.36962890625,
            "count": 150
        },
        "RaceToGoal.IsTraining.mean": {
            "value": 1.0,
            "min": 1.0,
            "max": 1.0,
            "count": 150
        },
        "RaceToGoal.IsTraining.sum": {
            "value": 1.0,
            "min": 1.0,
            "max": 1.0,
            "count": 150
        },
        "RaceToGoal.Environment.EpisodeLength.mean": {
            "value": 5129.75,
            "min": 1319.5,
            "max": 5872.0,
            "count": 136
        },
        "RaceToGoal.Environment.EpisodeLength.sum": {
            "value": 20519.0,
            "min": 2617.0,
            "max": 24473.0,
            "count": 136
        },
        "RaceToGoal.Environment.CumulativeReward.mean": {
            "value": 344.8236831277609,
            "min": -20.553770646452904,
            "max": 367.9289380311966,
            "count": 136
        },
        "RaceToGoal.Environment.CumulativeReward.sum": {
            "value": 1379.2947325110435,
            "min": -41.10754129290581,
            "max": 1577.077496305108,
            "count": 136
        },
        "RaceToGoal.Policy.ExtrinsicReward.mean": {
            "value": 344.8236831277609,
            "min": -20.553770646452904,
            "max": 367.9289380311966,
            "count": 136
        },
        "RaceToGoal.Policy.ExtrinsicReward.sum": {
            "value": 1379.2947325110435,
            "min": -41.10754129290581,
            "max": 1577.077496305108,
            "count": 136
        },
        "RaceToGoal.Losses.PolicyLoss.mean": {
            "value": 0.04462360122706741,
            "min": 0.040002141954998176,
            "max": 0.061870725072609885,
            "count": 145
        },
        "RaceToGoal.Losses.PolicyLoss.sum": {
            "value": 0.04462360122706741,
            "min": 0.040002141954998176,
            "max": 0.061870725072609885,
            "count": 145
        },
        "RaceToGoal.Losses.ValueLoss.mean": {
            "value": 0.7619720113774141,
            "min": 0.40614259416858356,
            "max": 1.741735759874185,
            "count": 145
        },
        "RaceToGoal.Losses.ValueLoss.sum": {
            "value": 0.7619720113774141,
            "min": 0.40614259416858356,
            "max": 1.741735759874185,
            "count": 145
        },
        "RaceToGoal.Policy.LearningRate.mean": {
            "value": 1.8774993741999962e-06,
            "min": 1.8774993741999962e-06,
            "max": 0.00029794700068433335,
            "count": 145
        },
        "RaceToGoal.Policy.LearningRate.sum": {
            "value": 1.8774993741999962e-06,
            "min": 1.8774993741999962e-06,
            "max": 0.00029794700068433335,
            "count": 145
        },
        "RaceToGoal.Policy.Epsilon.mean": {
            "value": 0.1006258,
            "min": 0.1006258,
            "max": 0.19931566666666667,
            "count": 145
        },
        "RaceToGoal.Policy.Epsilon.sum": {
            "value": 0.1006258,
            "min": 0.1006258,
            "max": 0.19931566666666667,
            "count": 145
        },
        "RaceToGoal.Policy.Beta.mean": {
            "value": 0.0005000000000000002,
            "min": 0.0005000000000000002,
            "max": 0.0005000000000000002,
            "count": 145
        },
        "RaceToGoal.Policy.Beta.sum": {
            "value": 0.0005000000000000002,
            "min": 0.0005000000000000002,
            "max": 0.0005000000000000002,
            "count": 145
        }
    },
    "metadata": {
        "timer_format_version": "0.1.0",
        "start_time_seconds": "1731102513",
        "python_version": "3.10.11 (tags/v3.10.11:7d4cc5a, Apr  5 2023, 00:38:17) [MSC v.1929 64 bit (AMD64)]",
        "command_line_arguments": "D:\\Git\\ML-Racing-Game\\venv\\Scripts\\mlagents-learn config/RaceToGoal12.yaml --initialize-from=RaceToGoal32 --run-id=RaceToGoal33 --force",
        "mlagents_version": "1.1.0",
        "mlagents_envs_version": "1.1.0",
        "communication_protocol_version": "1.5.0",
        "pytorch_version": "2.5.0+cpu",
        "numpy_version": "1.23.5",
        "end_time_seconds": "1731105111"
    },
    "total": 2597.8456481999892,
    "count": 1,
    "self": 0.013627599997562356,
    "children": {
        "run_training.setup": {
            "total": 0.06992769999487791,
            "count": 1,
            "self": 0.06992769999487791
        },
        "TrainerController.start_learning": {
            "total": 2597.762092899997,
            "count": 1,
            "self": 5.511569999245694,
            "children": {
                "TrainerController._reset_env": {
                    "total": 13.858459700000822,
                    "count": 1,
                    "self": 13.858459700000822
                },
                "TrainerController.advance": {
                    "total": 2578.283289900748,
                    "count": 187534,
                    "self": 4.930763104537618,
                    "children": {
                        "env_step": {
                            "total": 1876.5415201970027,
                            "count": 187534,
                            "self": 1353.2503457999264,
                            "children": {
                                "SubprocessEnvManager._take_step": {
                                    "total": 519.7917651988537,
                                    "count": 187534,
                                    "self": 15.802761302838917,
                                    "children": {
                                        "TorchPolicy.evaluate": {
                                            "total": 503.98900389601476,
                                            "count": 187534,
                                            "self": 503.98900389601476
                                        }
                                    }
                                },
                                "workers": {
                                    "total": 3.4994091982225655,
                                    "count": 187534,
                                    "self": 0.0,
                                    "children": {
                                        "worker_root": {
                                            "total": 2579.9800510978966,
                                            "count": 187534,
                                            "is_parallel": true,
                                            "self": 1570.3498073000665,
                                            "children": {
                                                "steps_from_proto": {
                                                    "total": 0.0006205999961821362,
                                                    "count": 1,