{
    "name": "root",
    "gauges": {
        "RaceToGoal.Policy.Entropy.mean": {
            "value": 0.6520508527755737,
            "min": 0.5208745002746582,
            "max": 1.051334261894226,
            "count": 50
        },
        "RaceToGoal.Policy.Entropy.sum": {
            "value": 6478.77734375,
            "min": 5271.25,
            "max": 10681.5556640625,
            "count": 50
        },
        "RaceToGoal.Step.mean": {
            "value": 499965.0,
            "min": 9984.0,
            "max": 499965.0,
            "count": 50
        },
        "RaceToGoal.Step.sum": {
            "value": 499965.0,
            "min": 9984.0,
            "max": 499965.0,
            "count": 50
        },
        "RaceToGoal.Policy.ExtrinsicValueEstimate.mean": {
            "value": -0.578392505645752,
            "min": -1.4155744314193726,
            "max": -0.15733639895915985,
            "count": 50
        },
        "RaceToGoal.Policy.ExtrinsicValueEstimate.sum": {
            "value": -90.22923278808594,
            "min": -223.6607666015625,
            "max": -24.859149932861328,
            "count": 50
        },
        "RaceToGoal.IsTraining.mean": {
            "value": 1.0,
            "min": 1.0,
            "max": 1.0,
            "count": 50
        },
        "RaceToGoal.IsTraining.sum": {
            "value": 1.0,
            "min": 1.0,
            "max": 1.0,
            "count": 50
        },
        "RaceToGoal.Losses.PolicyLoss.mean": {
            "value": 0.05034351135254837,
            "min": 0.042926709881673256,
            "max": 0.059247514031206566,
            "count": 48
        },
        "RaceToGoal.Losses.PolicyLoss.sum": {
            "value": 0.05034351135254837,
            "min": 0.042926709881673256,
            "max": 0.059247514031206566,
            "count": 48
        },
        "RaceToGoal.Losses.ValueLoss.mean": {
            "value": 0.3984207686657707,
            "min": 0.02377454439022889,
            "max": 1.0519142657518388,
            "count": 48
        },
        "RaceToGoal.Losses.ValueLoss.sum": {
            "value": 0.3984207686657707,
            "min": 0.02377454439022889,
            "max": 1.0519142657518388,
            "count": 48
        },
        "RaceToGoal.Policy.LearningRate.mean": {
            "value": 3.4386988537999927e-06,
            "min": 3.4386988537999927e-06,
            "max": 0.0002935488021504,
            "count": 48
        },
        "RaceToGoal.Policy.LearningRate.sum": {
            "value": 3.4386988537999927e-06,
            "min": 3.4386988537999927e-06,
            "max": 0.0002935488021504,
            "count": 48
        },
        "RaceToGoal.Policy.Epsilon.mean": {
            "value": 0.10114620000000002,
            "min": 0.10114620000000002,
            "max": 0.1978496000000001,
            "count": 48
        },
        "RaceToGoal.Policy.Epsilon.sum": {
            "value": 0.10114620000000002,
            "min": 0.10114620000000002,
            "max": 0.1978496000000001,
            "count": 48
        },
        "RaceToGoal.Policy.Beta.mean": {
            "value": 0.0005000000000000002,
            "min": 0.0005000000000000002,
            "max": 0.0005000000000000002,
            "count": 48
        },
        "RaceToGoal.Policy.Beta.sum": {
            "value": 0.0005000000000000002,
            "min": 0.0005000000000000002,
            "max": 0.0005000000000000002,
            "count": 48
        },
        "RaceToGoal.Environment.EpisodeLength.mean": {
            "value": 3007.0,
            "min": 522.0,
            "max": 56126.0,
            "count": 37
        },
        "RaceToGoal.Environment.EpisodeLength.sum": {
            "value": 6014.0,
            "min": 522.0,
            "max": 56126.0,
            "count": 37
        },
        "RaceToGoal.Environment.CumulativeReward.mean": {
            "value": -46.4073570324108,
            "min": -116.21419360209256,
            "max": -39.98684360086918,
            "count": 37
        },
        "RaceToGoal.Environment.CumulativeReward.sum": {
            "value": -92.8147140648216,
            "min": -160.66845403425395,
            "max": -39.98684360086918,
            "count": 37
        },
        "RaceToGoal.Policy.ExtrinsicReward.mean": {
            "value": -46.4073570324108,
            "min": -116.21419360209256,
            "max": -39.98684360086918,
            "count": 37
        },
        "RaceToGoal.Policy.ExtrinsicReward.sum": {
            "value": -92.8147140648216,
            "min": -160.66845403425395,
            "max": -39.98684360086918,
            "count": 37
        }
    },
    "metadata": {
        "timer_format_version": "0.1.0",
        "start_time_seconds": "1730900264",
        "python_version": "3.10.11 (tags/v3.10.11:7d4cc5a, Apr  5 2023, 00:38:17) [MSC v.1929 64 bit (AMD64)]",
        "command_line_arguments": "D:\\Git\\ML-Racing-Game\\venv\\Scripts\\mlagents-learn config/RaceToGoal8.yaml --initialize-from=RaceToGoal8 --run-id=RaceToGoal9",
        "mlagents_version": "1.1.0",
        "mlagents_envs_version": "1.1.0",
        "communication_protocol_version": "1.5.0",
        "pytorch_version": "2.5.0+cpu",
        "numpy_version": "1.23.5",
        "end_time_seconds": "1730901107"
    },
    "total": 842.5331512999983,
    "count": 1,
    "self": 0.013379899988649413,
    "children": {
        "run_training.setup": {
            "total": 0.08656880000489764,
            "count": 1,
            "self": 0.08656880000489764
        },
        "TrainerController.start_learning": {
            "total": 842.4332026000047,
            "count": 1,
            "self": 1.4821776985772885,
            "children": {
                "TrainerController._reset_env": {
                    "total": 12.908498800003144,
                    "count": 1,
                    "self": 12.908498800003144
                },
                "TrainerController.advance": {
                    "total": 827.9482750014213,
                    "count": 62527,
                    "self": 1.3316601011465536,
                    "children": {
                        "env_step": {
                            "total": 655.640843300389,
                            "count": 62527,
                            "self": 520.8612105998327,
                            "children": {
                                "SubprocessEnvManager._take_step": {
                                    "total": 133.80674860106228,
                                    "count": 62527,
                                    "self": 4.309492100219359,
                                    "children": {
                                        "TorchPolicy.evaluate": {
                                            "total": 129.49725650084292,
                                            "count": 62527,
                                            "self": 129.49725650084292
                                        }
                                    }
                                },
                                "workers": {
                                    "total": 0.9728840994939674,
                                    "count": 62527,
                                    "self": 0.0,
                                    "children": {
                                        "worker_root": {
                                            "total": 829.766254300659,
                                            "count": 62527,
                                            "is_parallel": true,
                                            "self": 398.4562172009246,
                                            "children": {
                                                "steps_from_proto": {
                                                    "total": 0.00039399999513989314,
                                                    "count": 1,
                                                    "is_parallel": true,