{
    "name": "root",
    "gauges": {
        "RaceToGoal.Policy.Entropy.mean": {
            "value": 0.31185492873191833,
            "min": 0.21361403167247772,
            "max": 0.5988177061080933,
            "count": 50
        },
        "RaceToGoal.Policy.Entropy.sum": {
            "value": 3123.5390625,
            "min": 2134.431396484375,
            "max": 6131.8935546875,
            "count": 50
        },
        "RaceToGoal.Step.mean": {
            "value": 499942.0,
            "min": 9984.0,
            "max": 499942.0,
            "count": 50
        },
        "RaceToGoal.Step.sum": {
            "value": 499942.0,
            "min": 9984.0,
            "max": 499942.0,
            "count": 50
        },
        "RaceToGoal.Policy.ExtrinsicValueEstimate.mean": {
            "value": 9.358181953430176,
            "min": 8.073802947998047,
            "max": 9.554689407348633,
            "count": 50
        },
        "RaceToGoal.Policy.ExtrinsicValueEstimate.sum": {
            "value": 1487.950927734375,
            "min": 1283.7347412109375,
            "max": 1490.5316162109375,
            "count": 50
        },
        "RaceToGoal.IsTraining.mean": {
            "value": 1.0,
            "min": 1.0,
            "max": 1.0,
            "count": 50
        },
        "RaceToGoal.IsTraining.sum": {
            "value": 1.0,
            "min": 1.0,
            "max": 1.0,
            "count": 50
        },
        "RaceToGoal.Losses.PolicyLoss.mean": {
            "value": 0.05329189408609333,
            "min": 0.03988810789305717,
            "max": 0.05342830512284612,
            "count": 48
        },
        "RaceToGoal.Losses.PolicyLoss.sum": {
            "value": 0.05329189408609333,
            "min": 0.03988810789305717,
            "max": 0.05342830512284612,
            "count": 48
        },
        "RaceToGoal.Losses.ValueLoss.mean": {
            "value": 0.8058447810510795,
            "min": 0.4589550557235877,
            "max": 2.8155710379282635,
            "count": 48
        },
        "RaceToGoal.Losses.ValueLoss.sum": {
            "value": 0.8058447810510795,
            "min": 0.4589550557235877,
            "max": 2.8155710379282635,
            "count": 48
        },
        "RaceToGoal.Policy.LearningRate.mean": {
            "value": 2.9058990313999914e-06,
            "min": 2.9058990313999914e-06,
            "max": 0.0002935488021504,
            "count": 48
        },
        "RaceToGoal.Policy.LearningRate.sum": {
            "value": 2.9058990313999914e-06,
            "min": 2.9058990313999914e-06,
            "max": 0.0002935488021504,
            "count": 48
        },
        "RaceToGoal.Policy.Epsilon.mean": {
            "value": 0.10096860000000002,
            "min": 0.10096860000000002,
            "max": 0.1978496000000001,
            "count": 48
        },
        "RaceToGoal.Policy.Epsilon.sum": {
            "value": 0.10096860000000002,
            "min": 0.10096860000000002,
            "max": 0.1978496000000001,
            "count": 48
        },
        "RaceToGoal.Policy.Beta.mean": {
            "value": 0.0005000000000000002,
            "min": 0.0005000000000000002,
            "max": 0.0005000000000000002,
            "count": 48
        },
        "RaceToGoal.Policy.Beta.sum": {
            "value": 0.0005000000000000002,
            "min": 0.0005000000000000002,
            "max": 0.0005000000000000002,
            "count": 48
        },
        "RaceToGoal.Environment.EpisodeLength.mean": {
            "value": 4757.6,
            "min": 3309.0,
            "max": 6406.0,
            "count": 30
        },
        "RaceToGoal.Environment.EpisodeLength.sum": {
            "value": 23788.0,
            "min": 3309.0,
            "max": 38791.0,
            "count": 30
        },
        "RaceToGoal.Environment.CumulativeReward.mean": {
            "value": 450.30020143985746,
            "min": -212.03759759664536,
            "max": 452.7603199481964,
            "count": 30
        },
        "RaceToGoal.Environment.CumulativeReward.sum": {
            "value": 2251.5010071992874,
            "min": -212.03759759664536,
            "max": 3605.406337738037,
            "count": 30
        },
        "RaceToGoal.Policy.ExtrinsicReward.mean": {
            "value": 450.30020143985746,
            "min": -212.03759759664536,
            "max": 452.7603199481964,
            "count": 30
        },
        "RaceToGoal.Policy.ExtrinsicReward.sum": {
            "value": 2251.5010071992874,
            "min": -212.03759759664536,
            "max": 3605.406337738037,
            "count": 30
        }
    },
    "metadata": {
        "timer_format_version": "0.1.0",
        "start_time_seconds": "1730736703",
        "python_version": "3.10.11 (tags/v3.10.11:7d4cc5a, Apr  5 2023, 00:38:17) [MSC v.1929 64 bit (AMD64)]",
        "command_line_arguments": "D:\\Git\\ML-Racing-Game\\venv\\Scripts\\mlagents-learn config/RaceToGoal6.yaml --initialize-from=RaceToGoal6 --run-id=RaceToGoal7",
        "mlagents_version": "1.1.0",
        "mlagents_envs_version": "1.1.0",
        "communication_protocol_version": "1.5.0",
        "pytorch_version": "2.5.0+cpu",
        "numpy_version": "1.23.5",
        "end_time_seconds": "1730737378"
    },
    "total": 674.8867000999744,
    "count": 1,
    "self": 0.011748499935492873,
    "children": {
        "run_training.setup": {
            "total": 0.17298890004167333,
            "count": 1,
            "self": 0.17298890004167333
        },
        "TrainerController.start_learning": {
            "total": 674.7019626999972,
            "count": 1,
            "self": 1.3851615100284107,
            "children": {
                "TrainerController._reset_env": {
                    "total": 25.929963600006886,
                    "count": 1,
                    "self": 25.929963600006886
                },
                "TrainerController.advance": {
                    "total": 647.3246085900464,
                    "count": 62531,
                    "self": 1.225961190299131,
                    "children": {
                        "env_step": {
                            "total": 493.8454075983609,
                            "count": 62531,
                            "self": 373.65122499968857,
                            "children": {
                                "SubprocessEnvManager._take_step": {
                                    "total": 119.28977339575067,
                                    "count": 62531,
                                    "self": 4.0254322908003815,
                                    "children": {
                                        "TorchPolicy.evaluate": {
                                            "total": 115.26434110495029,
                                            "count": 62531,
                                            "self": 115.26434110495029
                                        }
                                    }
                                },
                                "workers": {
                                    "total": 0.9044092029216699,
                                    "count": 62531,
                                    "self": 0.0,
                                    "children": {
                                        "worker_root": {
                                            "total": 650.4765948054264,
                                            "count": 62531,
                                            "is_parallel": true,
                                            "self": 356.936518708535,
                                            "children": {
                                                "steps_from_proto": {
                                                    "total": 0.004761399992275983,
                                                    "count": 1,
                                                    "is_parallel": true,