{
    "name": "root",
    "gauges": {
        "RaceToGoal.Policy.Entropy.mean": {
            "value": 0.19493664801120758,
            "min": 0.1176270991563797,
            "max": 0.33509066700935364,
            "count": 100
        },
        "RaceToGoal.Policy.Entropy.sum": {
            "value": 1952.4854736328125,
            "min": 1156.5096435546875,
            "max": 3369.671630859375,
            "count": 100
        },
        "RaceToGoal.Step.mean": {
            "value": 999983.0,
            "min": 9967.0,
            "max": 999983.0,
            "count": 100
        },
        "RaceToGoal.Step.sum": {
            "value": 999983.0,
            "min": 9967.0,
            "max": 999983.0,
            "count": 100
        },
        "RaceToGoal.Policy.ExtrinsicValueEstimate.mean": {
            "value": 6.775143146514893,
            "min": 3.437993288040161,
            "max": 7.66635799407959,
            "count": 100
        },
        "RaceToGoal.Policy.ExtrinsicValueEstimate.sum": {
            "value": 1056.92236328125,
            "min": 546.6409301757812,
            "max": 1218.950927734375,
            "count": 100
        },
        "RaceToGoal.Environment.EpisodeLength.mean": {
            "value": 4496.0,
            "min": 494.0,
            "max": 5626.333333333333,
            "count": 89
        },
        "RaceToGoal.Environment.EpisodeLength.sum": {
            "value": 13488.0,
            "min": 494.0,
            "max": 39416.0,
            "count": 89
        },
        "RaceToGoal.Environment.CumulativeReward.mean": {
            "value": 285.0237519343694,
            "min": -40.086915731430054,
            "max": 367.4099394083023,
            "count": 90
        },
        "RaceToGoal.Environment.CumulativeReward.sum": {
            "value": 855.0712558031082,
            "min": -40.086915731430054,
            "max": 2502.610601224005,
            "count": 90
        },
        "RaceToGoal.Policy.ExtrinsicReward.mean": {
            "value": 285.0237519343694,
            "min": -40.086915731430054,
            "max": 367.4099394083023,
            "count": 90
        },
        "RaceToGoal.Policy.ExtrinsicReward.sum": {
            "value": 855.0712558031082,
            "min": -40.086915731430054,
            "max": 2502.610601224005,
            "count": 90
        },
        "RaceToGoal.IsTraining.mean": {
            "value": 1.0,
            "min": 1.0,
            "max": 1.0,
            "count": 100
        },
        "RaceToGoal.IsTraining.sum": {
            "value": 1.0,
            "min": 1.0,
            "max": 1.0,
            "count": 100
        },
        "RaceToGoal.Losses.PolicyLoss.mean": {
            "value": 0.049362892160813014,
            "min": 0.042460046984100094,
            "max": 0.05751624864836534,
            "count": 97
        },
        "RaceToGoal.Losses.PolicyLoss.sum": {
            "value": 0.049362892160813014,
            "min": 0.042460046984100094,
            "max": 0.05751624864836534,
            "count": 97
        },
        "RaceToGoal.Losses.ValueLoss.mean": {
            "value": 0.6610759069522222,
            "min": 0.4611862855652968,
            "max": 1.6585026582082112,
            "count": 97
        },
        "RaceToGoal.Losses.ValueLoss.sum": {
            "value": 0.6610759069522222,
            "min": 0.4611862855652968,
            "max": 1.6585026582082112,
            "count": 97
        },
        "RaceToGoal.Policy.LearningRate.mean": {
            "value": 8.115997294999869e-07,
            "min": 8.115997294999869e-07,
            "max": 0.0002969139010286999,
            "count": 97
        },
        "RaceToGoal.Policy.LearningRate.sum": {
            "value": 8.115997294999869e-07,
            "min": 8.115997294999869e-07,
            "max": 0.0002969139010286999,
            "count": 97
        },
        "RaceToGoal.Policy.Epsilon.mean": {
            "value": 0.10027049999999998,
            "min": 0.10027049999999998,
            "max": 0.19897130000000005,
            "count": 97
        },
        "RaceToGoal.Policy.Epsilon.sum": {
            "value": 0.10027049999999998,
            "min": 0.10027049999999998,
            "max": 0.19897130000000005,
            "count": 97
        },
        "RaceToGoal.Policy.Beta.mean": {
            "value": 0.0005000000000000002,
            "min": 0.0005000000000000002,
            "max": 0.0005000000000000002,
            "count": 97
        },
        "RaceToGoal.Policy.Beta.sum": {
            "value": 0.0005000000000000002,
            "min": 0.0005000000000000002,
            "max": 0.0005000000000000002,
            "count": 97
        }
    },
    "metadata": {
        "timer_format_version": "0.1.0",
        "start_time_seconds": "1731089103",
        "python_version": "3.10.11 (tags/v3.10.11:7d4cc5a, Apr  5 2023, 00:38:17) [MSC v.1929 64 bit (AMD64)]",
        "command_line_arguments": "D:\\Git\\ML-Racing-Game\\venv\\Scripts\\mlagents-learn config/RaceToGoal12.yaml --initialize-from=RaceToGoal29 --run-id=RaceToGoal30 --force",
        "mlagents_version": "1.1.0",
        "mlagents_envs_version": "1.1.0",
        "communication_protocol_version": "1.5.0",
        "pytorch_version": "2.5.0+cpu",
        "numpy_version": "1.23.5",
        "end_time_seconds": "1731091404"
    },
    "total": 2300.780231500001,
    "count": 1,
    "self": 0.04493109998293221,
    "children": {
        "run_training.setup": {
            "total": 0.1449812000064412,
            "count": 1,
            "self": 0.1449812000064412
        },
        "TrainerController.start_learning": {
            "total": 2300.5903192000114,
            "count": 1,
            "self": 5.030998301153886,
            "children": {
                "TrainerController._reset_env": {
                    "total": 21.553426200000104,
                    "count": 1,
                    "self": 21.553426200000104
                },
                "TrainerController.advance": {
                    "total": 2273.9038900988526,
                    "count": 125032,
                    "self": 4.738836899807211,
                    "children": {
                        "env_step": {
                            "total": 1663.5965458978753,
                            "count": 125032,
                            "self": 1214.2675930931437,
                            "children": {
                                "SubprocessEnvManager._take_step": {
                                    "total": 445.94153620254656,
                                    "count": 125032,
                                    "self": 15.100099401141051,
                                    "children": {
                                        "TorchPolicy.evaluate": {
                                            "total": 430.8414368014055,
                                            "count": 125032,
                                            "self": 430.8414368014055
                                        }
                                    }
                                },
                                "workers": {
                                    "total": 3.3874166021851124,
                                    "count": 125032,
                                    "self": 0.0,
                                    "children": {
                                        "worker_root": {
                                            "total": 2275.9306471000455,
                                            "count": 125032,
                                            "is_parallel": true,
                                            "self": 1384.6630866971245,
                                            "children": {
                                                "steps_from_proto": {
                                                    "total": 0.0010359999869251624,
                                                    "count": 1,