{
    "name": "root",
    "gauges": {
        "RaceToGoal.Policy.Entropy.mean": {
            "value": 0.3568326532840729,
            "min": 0.3241316080093384,
            "max": 2.1971566677093506,
            "count": 50
        },
        "RaceToGoal.Policy.Entropy.sum": {
            "value": 3576.890625,
            "min": 3220.57177734375,
            "max": 22077.029296875,
            "count": 50
        },
        "RaceToGoal.Step.mean": {
            "value": 499979.0,
            "min": 9947.0,
            "max": 499979.0,
            "count": 50
        },
        "RaceToGoal.Step.sum": {
            "value": 499979.0,
            "min": 9947.0,
            "max": 499979.0,
            "count": 50
        },
        "RaceToGoal.Policy.ExtrinsicValueEstimate.mean": {
            "value": 1.0682843923568726,
            "min": 0.008920298889279366,
            "max": 1.203566312789917,
            "count": 50
        },
        "RaceToGoal.Policy.ExtrinsicValueEstimate.sum": {
            "value": 184.81320190429688,
            "min": 1.4807696342468262,
            "max": 211.82766723632812,
            "count": 50
        },
        "RaceToGoal.Policy.GailValueEstimate.mean": {
            "value": 57.55781936645508,
            "min": -0.014126548543572426,
            "max": 60.2344856262207,
            "count": 50
        },
        "RaceToGoal.Policy.GailValueEstimate.sum": {
            "value": 9957.5029296875,
            "min": -2.2461211681365967,
            "max": 10661.50390625,
            "count": 50
        },
        "RaceToGoal.Environment.EpisodeLength.mean": {
            "value": 413.96,
            "min": 383.44,
            "max": 970.375,
            "count": 50
        },
        "RaceToGoal.Environment.EpisodeLength.sum": {
            "value": 10349.0,
            "min": 7763.0,
            "max": 11794.0,
            "count": 50
        },
        "RaceToGoal.Environment.CumulativeReward.mean": {
            "value": 55.018508471250534,
            "min": -24.318123858780243,
            "max": 66.56183989231403,
            "count": 50
        },
        "RaceToGoal.Environment.CumulativeReward.sum": {
            "value": 1375.4627117812634,
            "min": -316.13561016414315,
            "max": 1796.2847561836243,
            "count": 50
        },
        "RaceToGoal.Policy.ExtrinsicReward.mean": {
            "value": 5.50185093536973,
            "min": -2.4318124595805646,
            "max": 6.656184082994094,
            "count": 50
        },
        "RaceToGoal.Policy.ExtrinsicReward.sum": {
            "value": 137.54627338424325,
            "min": -31.613561974547338,
            "max": 179.62847685813904,
            "count": 50
        },
        "RaceToGoal.Policy.GailReward.mean": {
            "value": 266.5527979795635,
            "min": 256.0464747884999,
            "max": 697.9417018890381,
            "count": 50
        },
        "RaceToGoal.Policy.GailReward.sum": {
            "value": 6663.819949489087,
            "min": 5583.533615112305,
            "max": 8238.543917268515,
            "count": 50
        },
        "RaceToGoal.IsTraining.mean": {
            "value": 1.0,
            "min": 1.0,
            "max": 1.0,
            "count": 50
        },
        "RaceToGoal.IsTraining.sum": {
            "value": 1.0,
            "min": 1.0,
            "max": 1.0,
            "count": 50
        },
        "RaceToGoal.Losses.PolicyLoss.mean": {
            "value": 0.05393158237178189,
            "min": 0.040240884378242,
            "max": 0.057765079033561054,
            "count": 48
        },
        "RaceToGoal.Losses.PolicyLoss.sum": {
            "value": 0.05393158237178189,
            "min": 0.040240884378242,
            "max": 0.057765079033561054,
            "count": 48
        },
        "RaceToGoal.Losses.ValueLoss.mean": {
            "value": 65.98944171269734,
            "min": 32.09625430107117,
            "max": 88.17567445398346,
            "count": 48
        },
        "RaceToGoal.Losses.ValueLoss.sum": {
            "value": 65.98944171269734,
            "min": 32.09625430107117,
            "max": 88.17567445398346,
            "count": 48
        },
        "RaceToGoal.Policy.LearningRate.mean": {
            "value": 3.915098695000001e-06,
            "min": 3.915098695000001e-06,
            "max": 0.0002936862021045999,
            "count": 48
        },
        "RaceToGoal.Policy.LearningRate.sum": {
            "value": 3.915098695000001e-06,
            "min": 3.915098695000001e-06,
            "max": 0.0002936862021045999,
            "count": 48
        },
        "RaceToGoal.Policy.Epsilon.mean": {
            "value": 0.10130499999999999,
            "min": 0.10130499999999999,
            "max": 0.19789540000000003,
            "count": 48
        },
        "RaceToGoal.Policy.Epsilon.sum": {
            "value": 0.10130499999999999,
            "min": 0.10130499999999999,
            "max": 0.19789540000000003,
            "count": 48
        },
        "RaceToGoal.Policy.Beta.mean": {
            "value": 0.0005000000000000002,
            "min": 0.0005000000000000002,
            "max": 0.0005000000000000002,
            "count": 48
        },
        "RaceToGoal.Policy.Beta.sum": {
            "value": 0.0005000000000000002,
            "min": 0.0005000000000000002,
            "max": 0.0005000000000000002,
            "count": 48
        },
        "RaceToGoal.Policy.GAILPolicyEstimate.mean": {
            "value": 0.4667950846254826,
            "min": 0.379769437511762,
            "max": 0.524779572719481,
            "count": 48
        },
        "RaceToGoal.Policy.GAILPolicyEstimate.sum": {
            "value": 0.4667950846254826,
            "min": 0.379769437511762,
            "max": 0.524779572719481,
            "count": 48
        },
        "RaceToGoal.Policy.GAILExpertEstimate.mean": {
            "value": 0.5331528430183728,
            "min": 0.5154952064156533,
            "max": 0.6567336613933246,
            "count": 48
        },
        "RaceToGoal.Policy.GAILExpertEstimate.sum": {
            "value": 0.5331528430183728,
            "min": 0.5154952064156533,
            "max": 0.6567336613933246,
            "count": 48
        },
        "RaceToGoal.Losses.GAILLoss.mean": {
            "value": 1.2996827721595765,
            "min": 0.9681382502118746,
            "max": 1.431594895153511,
            "count": 48
        },
        "RaceToGoal.Losses.GAILLoss.sum": {
            "value": 1.2996827721595765,
            "min": 0.9681382502118746,
            "max": 1.431594895153511,
            "count": 48
        },
        "RaceToGoal.Policy.GAILGradMagLoss.mean": {
            "value": 0.004482699536796039,
            "min": 0.0030586465475304675,
            "max": 4.650071346662878,
            "count": 48
        },
        "RaceToGoal.Policy.GAILGradMagLoss.sum": {
            "value": 0.004482699536796039,
            "min": 0.0030586465475304675,
            "max": 4.650071346662878,
            "count": 48
        },
        "RaceToGoal.Losses.PretrainingLoss.mean": {
            "value": 0.15582284898985,
            "min": 0.15499514625186012,
            "max": 0.9458283498173669,
            "count": 48
        },
        "RaceToGoal.Losses.PretrainingLoss.sum": {
            "value": 0.15582284898985,
            "min": 0.15499514625186012,
            "max": 0.9458283498173669,
            "count": 48
        }
    },
    "metadata": {
        "timer_format_version": "0.1.0",
        "start_time_seconds": "1730226150",
        "python_version": "3.10.11 (tags/v3.10.11:7d4cc5a, Apr  5 2023, 00:38:17) [MSC v.1929 64 bit (AMD64)]",
        "command_line_arguments": "D:\\Git\\ML-Racing-Game\\venv\\Scripts\\mlagents-learn config/RaceToGoal1.yaml --run-id=RaceToGoal13 --force",
        "mlagents_version": "1.1.0",
        "mlagents_envs_version": "1.1.0",