{
    "name": "root",
    "gauges": {
        "RaceToGoal.Policy.Entropy.mean": {
            "value": 0.21878017485141754,
            "min": 0.18251408636569977,
            "max": 0.41153809428215027,
            "count": 50
        },
        "RaceToGoal.Policy.Entropy.sum": {
            "value": 2156.29736328125,
            "min": 1803.2391357421875,
            "max": 4128.55029296875,
            "count": 50
        },
        "RaceToGoal.Step.mean": {
            "value": 499950.0,
            "min": 9984.0,
            "max": 499950.0,
            "count": 50
        },
        "RaceToGoal.Step.sum": {
            "value": 499950.0,
            "min": 9984.0,
            "max": 499950.0,
            "count": 50
        },
        "RaceToGoal.Policy.ExtrinsicValueEstimate.mean": {
            "value": 5.54004430770874,
            "min": 4.09446907043457,
            "max": 6.408463954925537,
            "count": 50
        },
        "RaceToGoal.Policy.ExtrinsicValueEstimate.sum": {
            "value": 875.3270263671875,
            "min": 651.0205688476562,
            "max": 1025.354248046875,
            "count": 50
        },
        "RaceToGoal.IsTraining.mean": {
            "value": 1.0,
            "min": 1.0,
            "max": 1.0,
            "count": 50
        },
        "RaceToGoal.IsTraining.sum": {
            "value": 1.0,
            "min": 1.0,
            "max": 1.0,
            "count": 50
        },
        "RaceToGoal.Losses.PolicyLoss.mean": {
            "value": 0.05070791377608354,
            "min": 0.041634487772050005,
            "max": 0.056339273791915424,
            "count": 48
        },
        "RaceToGoal.Losses.PolicyLoss.sum": {
            "value": 0.05070791377608354,
            "min": 0.041634487772050005,
            "max": 0.056339273791915424,
            "count": 48
        },
        "RaceToGoal.Losses.ValueLoss.mean": {
            "value": 2.383672379453977,
            "min": 1.365647016465664,
            "max": 4.642271234591802,
            "count": 48
        },
        "RaceToGoal.Losses.ValueLoss.sum": {
            "value": 2.383672379453977,
            "min": 1.365647016465664,
            "max": 4.642271234591802,
            "count": 48
        },
        "RaceToGoal.Policy.LearningRate.mean": {
            "value": 3.831698722800002e-06,
            "min": 3.831698722800002e-06,
            "max": 0.0002935488021504,
            "count": 48
        },
        "RaceToGoal.Policy.LearningRate.sum": {
            "value": 3.831698722800002e-06,
            "min": 3.831698722800002e-06,
            "max": 0.0002935488021504,
            "count": 48
        },
        "RaceToGoal.Policy.Epsilon.mean": {
            "value": 0.10127719999999997,
            "min": 0.10127719999999997,
            "max": 0.1978496000000001,
            "count": 48
        },
        "RaceToGoal.Policy.Epsilon.sum": {
            "value": 0.10127719999999997,
            "min": 0.10127719999999997,
            "max": 0.1978496000000001,
            "count": 48
        },
        "RaceToGoal.Policy.Beta.mean": {
            "value": 0.0005000000000000002,
            "min": 0.0005000000000000002,
            "max": 0.0005000000000000002,
            "count": 48
        },
        "RaceToGoal.Policy.Beta.sum": {
            "value": 0.0005000000000000002,
            "min": 0.0005000000000000002,
            "max": 0.0005000000000000002,
            "count": 48
        },
        "RaceToGoal.Environment.EpisodeLength.mean": {
            "value": 1861.0,
            "min": 1556.8333333333333,
            "max": 2341.6666666666665,
            "count": 48
        },
        "RaceToGoal.Environment.EpisodeLength.sum": {
            "value": 9305.0,
            "min": 3458.0,
            "max": 16424.0,
            "count": 48
        },
        "RaceToGoal.Environment.CumulativeReward.mean": {
            "value": 120.64446254372596,
            "min": 33.403311006724834,
            "max": 123.13933439056079,
            "count": 48
        },
        "RaceToGoal.Environment.CumulativeReward.sum": {
            "value": 603.2223127186298,
            "min": 78.4695031940937,
            "max": 932.1650869399309,
            "count": 48
        },
        "RaceToGoal.Policy.ExtrinsicReward.mean": {
            "value": 120.64446254372596,
            "min": 33.403311006724834,
            "max": 123.13933439056079,
            "count": 48
        },
        "RaceToGoal.Policy.ExtrinsicReward.sum": {
            "value": 603.2223127186298,
            "min": 78.4695031940937,
            "max": 932.1650869399309,
            "count": 48
        }
    },
    "metadata": {
        "timer_format_version": "0.1.0",
        "start_time_seconds": "1731005685",
        "python_version": "3.10.11 (tags/v3.10.11:7d4cc5a, Apr  5 2023, 00:38:17) [MSC v.1929 64 bit (AMD64)]",
        "command_line_arguments": "D:\\Git\\ML-Racing-Game\\venv\\Scripts\\mlagents-learn config/RaceToGoal12.yaml --initialize-from=RaceToGoal26 --run-id=RaceToGoal27",
        "mlagents_version": "1.1.0",
        "mlagents_envs_version": "1.1.0",
        "communication_protocol_version": "1.5.0",
        "pytorch_version": "2.5.0+cpu",
        "numpy_version": "1.23.5",
        "end_time_seconds": "1731006531"
    },
    "total": 845.9767530999998,
    "count": 1,
    "self": 0.005499999999301508,
    "children": {
        "run_training.setup": {
            "total": 0.06733850000091479,
            "count": 1,
            "self": 0.06733850000091479
        },
        "TrainerController.start_learning": {
            "total": 845.9039145999996,
            "count": 1,
            "self": 1.7734675003193843,
            "children": {
                "TrainerController._reset_env": {
                    "total": 8.938186200000928,
                    "count": 1,
                    "self": 8.938186200000928
                },
                "TrainerController.advance": {
                    "total": 835.1345538996793,
                    "count": 62522,
                    "self": 1.540397599037533,
                    "children": {
                        "env_step": {
                            "total": 609.8263791003883,
                            "count": 62522,
                            "self": 439.54667800057723,
                            "children": {
                                "SubprocessEnvManager._take_step": {
                                    "total": 169.12129390012342,
                                    "count": 62522,
                                    "self": 5.140140599956794,
                                    "children": {
                                        "TorchPolicy.evaluate": {
                                            "total": 163.98115330016662,
                                            "count": 62522,
                                            "self": 163.98115330016662
                                        }
                                    }
                                },
                                "workers": {
                                    "total": 1.1584071996876446,
                                    "count": 62522,
                                    "self": 0.0,
                                    "children": {
                                        "worker_root": {
                                            "total": 836.5805128002066,
                                            "count": 62522,
                                            "is_parallel": true,
                                            "self": 509.20916559941907,
                                            "children": {
                                                "steps_from_proto": {
                                                    "total": 0.00038750000021536835,
                                                    "count": 1,