{
    "name": "root",
    "gauges": {
        "RaceToGoal.Policy.Entropy.mean": {
            "value": 0.13053959608078003,
            "min": 0.10055318474769592,
            "max": 0.27365991473197937,
            "count": 50
        },
        "RaceToGoal.Policy.Entropy.sum": {
            "value": 1312.7061767578125,
            "min": 1014.3805541992188,
            "max": 2802.277587890625,
            "count": 50
        },
        "RaceToGoal.Step.mean": {
            "value": 499939.0,
            "min": 9984.0,
            "max": 499939.0,
            "count": 50
        },
        "RaceToGoal.Step.sum": {
            "value": 499939.0,
            "min": 9984.0,
            "max": 499939.0,
            "count": 50
        },
        "RaceToGoal.Policy.ExtrinsicValueEstimate.mean": {
            "value": 7.281770706176758,
            "min": 4.703697681427002,
            "max": 7.855501174926758,
            "count": 50
        },
        "RaceToGoal.Policy.ExtrinsicValueEstimate.sum": {
            "value": 1143.238037109375,
            "min": 743.1842041015625,
            "max": 1241.169189453125,
            "count": 50
        },
        "RaceToGoal.IsTraining.mean": {
            "value": 1.0,
            "min": 1.0,
            "max": 1.0,
            "count": 50
        },
        "RaceToGoal.IsTraining.sum": {
            "value": 1.0,
            "min": 1.0,
            "max": 1.0,
            "count": 50
        },
        "RaceToGoal.Losses.PolicyLoss.mean": {
            "value": 0.046074985448891916,
            "min": 0.041766301387300094,
            "max": 0.05658376662371059,
            "count": 48
        },
        "RaceToGoal.Losses.PolicyLoss.sum": {
            "value": 0.046074985448891916,
            "min": 0.041766301387300094,
            "max": 0.05658376662371059,
            "count": 48
        },
        "RaceToGoal.Losses.ValueLoss.mean": {
            "value": 0.5874303343395392,
            "min": 0.46364951531092324,
            "max": 1.2759868770837783,
            "count": 48
        },
        "RaceToGoal.Losses.ValueLoss.sum": {
            "value": 0.5874303343395392,
            "min": 0.46364951531092324,
            "max": 1.2759868770837783,
            "count": 48
        },
        "RaceToGoal.Policy.LearningRate.mean": {
            "value": 3.6924987691999962e-06,
            "min": 3.6924987691999962e-06,
            "max": 0.0002935488021504,
            "count": 48
        },
        "RaceToGoal.Policy.LearningRate.sum": {
            "value": 3.6924987691999962e-06,
            "min": 3.6924987691999962e-06,
            "max": 0.0002935488021504,
            "count": 48
        },
        "RaceToGoal.Policy.Epsilon.mean": {
            "value": 0.10123079999999997,
            "min": 0.10123079999999997,
            "max": 0.1978496000000001,
            "count": 48
        },
        "RaceToGoal.Policy.Epsilon.sum": {
            "value": 0.10123079999999997,
            "min": 0.10123079999999997,
            "max": 0.1978496000000001,
            "count": 48
        },
        "RaceToGoal.Policy.Beta.mean": {
            "value": 0.0005000000000000002,
            "min": 0.0005000000000000002,
            "max": 0.0005000000000000002,
            "count": 48
        },
        "RaceToGoal.Policy.Beta.sum": {
            "value": 0.0005000000000000002,
            "min": 0.0005000000000000002,
            "max": 0.0005000000000000002,
            "count": 48
        },
        "RaceToGoal.Environment.EpisodeLength.mean": {
            "value": 4871.666666666667,
            "min": 1565.0,
            "max": 5194.0,
            "count": 43
        },
        "RaceToGoal.Environment.EpisodeLength.sum": {
            "value": 14615.0,
            "min": 1565.0,
            "max": 24906.0,
            "count": 43
        },
        "RaceToGoal.Environment.CumulativeReward.mean": {
            "value": 362.5970954994361,
            "min": -5.814902067184448,
            "max": 367.8412089049816,
            "count": 43
        },
        "RaceToGoal.Environment.CumulativeReward.sum": {
            "value": 1087.7912864983082,
            "min": -5.814902067184448,
            "max": 1805.4766499102116,
            "count": 43
        },
        "RaceToGoal.Policy.ExtrinsicReward.mean": {
            "value": 362.5970954994361,
            "min": -5.814902067184448,
            "max": 367.8412089049816,
            "count": 43
        },
        "RaceToGoal.Policy.ExtrinsicReward.sum": {
            "value": 1087.7912864983082,
            "min": -5.814902067184448,
            "max": 1805.4766499102116,
            "count": 43
        }
    },
    "metadata": {
        "timer_format_version": "0.1.0",
        "start_time_seconds": "1731095352",
        "python_version": "3.10.11 (tags/v3.10.11:7d4cc5a, Apr  5 2023, 00:38:17) [MSC v.1929 64 bit (AMD64)]",
        "command_line_arguments": "D:\\Git\\ML-Racing-Game\\venv\\Scripts\\mlagents-learn config/RaceToGoal12.yaml --initialize-from=RaceToGoal31 --run-id=RaceToGoal32",
        "mlagents_version": "1.1.0",
        "mlagents_envs_version": "1.1.0",
        "communication_protocol_version": "1.5.0",
        "pytorch_version": "2.5.0+cpu",
        "numpy_version": "1.23.5",
        "end_time_seconds": "1731096435"
    },
    "total": 1083.4910082999995,
    "count": 1,
    "self": 0.015176999993855134,
    "children": {
        "run_training.setup": {
            "total": 0.08614169999782462,
            "count": 1,
            "self": 0.08614169999782462
        },
        "TrainerController.start_learning": {
            "total": 1083.3896896000078,
            "count": 1,
            "self": 2.2962429983745096,
            "children": {
                "TrainerController._reset_env": {
                    "total": 15.732793800008949,
                    "count": 1,
                    "self": 15.732793800008949
                },
                "TrainerController.advance": {
                    "total": 1065.2569245016202,
                    "count": 62531,
                    "self": 2.178168297119555,
                    "children": {
                        "env_step": {
                            "total": 777.6148664027278,
                            "count": 62531,
                            "self": 573.0720684032713,
                            "children": {
                                "SubprocessEnvManager._take_step": {
                                    "total": 202.97850580012891,
                                    "count": 62531,
                                    "self": 7.073490299924742,
                                    "children": {
                                        "TorchPolicy.evaluate": {
                                            "total": 195.90501550020417,
                                            "count": 62531,
                                            "self": 195.90501550020417
                                        }
                                    }
                                },
                                "workers": {
                                    "total": 1.5642921993276104,
                                    "count": 62531,
                                    "self": 0.0,
                                    "children": {
                                        "worker_root": {
                                            "total": 1067.1987542998395,
                                            "count": 62531,
                                            "is_parallel": true,
                                            "self": 637.7347019001172,
                                            "children": {
                                                "steps_from_proto": {
                                                    "total": 0.001312099993810989,
                                                    "count": 1,