{
    "name": "root",
    "gauges": {
        "RaceToGoal.Policy.Entropy.mean": {
            "value": 0.5180224180221558,
            "min": 0.4704756438732147,
            "max": 2.1971399784088135,
            "count": 76
        },
        "RaceToGoal.Policy.Entropy.sum": {
            "value": 5171.935546875,
            "min": 4802.615234375,
            "max": 22744.79296875,
            "count": 76
        },
        "RaceToGoal.Step.mean": {
            "value": 759997.0,
            "min": 9950.0,
            "max": 759997.0,
            "count": 76
        },
        "RaceToGoal.Step.sum": {
            "value": 759997.0,
            "min": 9950.0,
            "max": 759997.0,
            "count": 76
        },
        "RaceToGoal.Policy.ExtrinsicValueEstimate.mean": {
            "value": -0.10715138167142868,
            "min": -0.10715138167142868,
            "max": 0.2523614764213562,
            "count": 76
        },
        "RaceToGoal.Policy.ExtrinsicValueEstimate.sum": {
            "value": -17.358524322509766,
            "min": -17.358524322509766,
            "max": 39.87311553955078,
            "count": 76
        },
        "RaceToGoal.Policy.GailValueEstimate.mean": {
            "value": 71.59364318847656,
            "min": 0.13955190777778625,
            "max": 110.18783569335938,
            "count": 76
        },
        "RaceToGoal.Policy.GailValueEstimate.sum": {
            "value": 11598.169921875,
            "min": 23.444719314575195,
            "max": 17409.677734375,
            "count": 76
        },
        "RaceToGoal.Environment.EpisodeLength.mean": {
            "value": 1856.888888888889,
            "min": 225.69565217391303,
            "max": 3606.0,
            "count": 76
        },
        "RaceToGoal.Environment.EpisodeLength.sum": {
            "value": 16712.0,
            "min": 2199.0,
            "max": 20099.0,
            "count": 76
        },
        "RaceToGoal.Environment.CumulativeReward.mean": {
            "value": 17.835609082546497,
            "min": -45.87026363611221,
            "max": 133.64169907569885,
            "count": 76
        },
        "RaceToGoal.Environment.CumulativeReward.sum": {
            "value": 160.5204817429185,
            "min": -939.0085300654173,
            "max": 570.1543936654925,
            "count": 76
        },
        "RaceToGoal.Policy.ExtrinsicReward.mean": {
            "value": 1.7835606911167916,
            "min": -4.587026373483241,
            "max": 13.364169675856829,
            "count": 76
        },
        "RaceToGoal.Policy.ExtrinsicReward.sum": {
            "value": 16.052046220051125,
            "min": -93.90085411723703,
            "max": 57.01543746097013,
            "count": 76
        },
        "RaceToGoal.Policy.GailReward.mean": {
            "value": 1807.252345342603,
            "min": 228.37597234352776,
            "max": 4695.977987289429,
            "count": 76
        },
        "RaceToGoal.Policy.GailReward.sum": {
            "value": 16265.271108083427,
            "min": 1654.1381101608276,
            "max": 19972.891093611717,
            "count": 76
        },
        "RaceToGoal.IsTraining.mean": {
            "value": 1.0,
            "min": 1.0,
            "max": 1.0,
            "count": 76
        },
        "RaceToGoal.IsTraining.sum": {
            "value": 1.0,
            "min": 1.0,
            "max": 1.0,
            "count": 76
        },
        "RaceToGoal.Losses.PolicyLoss.mean": {
            "value": 0.05032463343425964,
            "min": 0.04014020124838377,
            "max": 0.05499589213480552,
            "count": 73
        },
        "RaceToGoal.Losses.PolicyLoss.sum": {
            "value": 0.05032463343425964,
            "min": 0.04014020124838377,
            "max": 0.05499589213480552,
            "count": 73
        },
        "RaceToGoal.Losses.ValueLoss.mean": {
            "value": 80.88900140126546,
            "min": 50.81477085749308,
            "max": 611.9362141927083,
            "count": 73
        },
        "RaceToGoal.Losses.ValueLoss.sum": {
            "value": 80.88900140126546,
            "min": 50.81477085749308,
            "max": 611.9362141927083,
            "count": 73
        },
        "RaceToGoal.Policy.LearningRate.mean": {
            "value": 7.50396749868e-05,
            "min": 7.50396749868e-05,
            "max": 0.00029689530103489995,
            "count": 73
        },
        "RaceToGoal.Policy.LearningRate.sum": {
            "value": 7.50396749868e-05,
            "min": 7.50396749868e-05,
            "max": 0.00029689530103489995,
            "count": 73
        },
        "RaceToGoal.Policy.Epsilon.mean": {
            "value": 0.1250132,
            "min": 0.1250132,
            "max": 0.19896510000000006,
            "count": 73
        },
        "RaceToGoal.Policy.Epsilon.sum": {
            "value": 0.1250132,
            "min": 0.1250132,
            "max": 0.19896510000000006,
            "count": 73
        },
        "RaceToGoal.Policy.Beta.mean": {
            "value": 0.0005000000000000002,
            "min": 0.0005000000000000002,
            "max": 0.0005000000000000002,
            "count": 73
        },
        "RaceToGoal.Policy.Beta.sum": {
            "value": 0.0005000000000000002,
            "min": 0.0005000000000000002,
            "max": 0.0005000000000000002,
            "count": 73
        },
        "RaceToGoal.Policy.GAILPolicyEstimate.mean": {
            "value": 0.39348165268699326,
            "min": 0.3014728784561157,
            "max": 0.496703439950943,
            "count": 73
        },
        "RaceToGoal.Policy.GAILPolicyEstimate.sum": {
            "value": 0.39348165268699326,
            "min": 0.3014728784561157,
            "max": 0.496703439950943,
            "count": 73
        },
        "RaceToGoal.Policy.GAILExpertEstimate.mean": {
            "value": 0.5990112528204918,
            "min": 0.5284817337989807,
            "max": 0.6684798945983251,
            "count": 73
        },
        "RaceToGoal.Policy.GAILExpertEstimate.sum": {
            "value": 0.5990112528204918,
            "min": 0.5284817337989807,
            "max": 0.6684798945983251,
            "count": 73
        },
        "RaceToGoal.Losses.GAILLoss.mean": {
            "value": 1.1136777311563493,
            "min": 0.8926554103692372,
            "max": 1.56619593501091,
            "count": 73
        },
        "RaceToGoal.Losses.GAILLoss.sum": {
            "value": 1.1136777311563493,
            "min": 0.8926554103692372,
            "max": 1.56619593501091,
            "count": 73
        },
        "RaceToGoal.Policy.GAILGradMagLoss.mean": {
            "value": 0.012625150611468901,
            "min": 0.005971337530839568,
            "max": 4.934080478549004,
            "count": 73
        },
        "RaceToGoal.Policy.GAILGradMagLoss.sum": {
            "value": 0.012625150611468901,
            "min": 0.005971337530839568,
            "max": 4.934080478549004,
            "count": 73
        },
        "RaceToGoal.Losses.PretrainingLoss.mean": {
            "value": 0.2849494767189026,
            "min": 0.2849494767189026,
            "max": 0.4979841239452362,
            "count": 73
        },
        "RaceToGoal.Losses.PretrainingLoss.sum": {
            "value": 0.2849494767189026,
            "min": 0.2849494767189026,
            "max": 0.4979841239452362,
            "count": 73
        }
    },
    "metadata": {
        "timer_format_version": "0.1.0",
        "start_time_seconds": "1730987058",
        "python_version": "3.10.11 (tags/v3.10.11:7d4cc5a, Apr  5 2023, 00:38:17) [MSC v.1929 64 bit (AMD64)]",
        "command_line_arguments": "D:\\Git\\ML-Racing-Game\\venv\\Scripts\\mlagents-learn config/RaceToGoal10.yaml --run-id=RaceToGoal15 --force",
        "mlagents_version": "1.1.0",
        "mlagents_envs_version": "1.1.0",
        "communication_protocol_version": "1.5.0",