{
    "name": "root",
    "gauges": {
        "RaceToGoal.Policy.Entropy.mean": {
            "value": 0.18531689047813416,
            "min": 0.14796201884746552,
            "max": 0.2744300067424774,
            "count": 50
        },
        "RaceToGoal.Policy.Entropy.sum": {
            "value": 1853.1689453125,
            "min": 1472.5179443359375,
            "max": 2810.163330078125,
            "count": 50
        },
        "RaceToGoal.Step.mean": {
            "value": 499978.0,
            "min": 9947.0,
            "max": 499978.0,
            "count": 50
        },
        "RaceToGoal.Step.sum": {
            "value": 499978.0,
            "min": 9947.0,
            "max": 499978.0,
            "count": 50
        },
        "RaceToGoal.Policy.ExtrinsicValueEstimate.mean": {
            "value": 6.798693656921387,
            "min": 3.0493786334991455,
            "max": 7.597496509552002,
            "count": 50
        },
        "RaceToGoal.Policy.ExtrinsicValueEstimate.sum": {
            "value": 1074.193603515625,
            "min": 481.80181884765625,
            "max": 1208.001953125,
            "count": 50
        },
        "RaceToGoal.Environment.EpisodeLength.mean": {
            "value": 4942.5,
            "min": 754.6666666666666,
            "max": 5701.0,
            "count": 48
        },
        "RaceToGoal.Environment.EpisodeLength.sum": {
            "value": 9885.0,
            "min": 2264.0,
            "max": 30340.0,
            "count": 48
        },
        "RaceToGoal.Environment.CumulativeReward.mean": {
            "value": 354.56385976076126,
            "min": -40.05425563454628,
            "max": 363.1012689769268,
            "count": 48
        },
        "RaceToGoal.Environment.CumulativeReward.sum": {
            "value": 709.1277195215225,
            "min": -120.16276690363884,
            "max": 1763.9929205849767,
            "count": 48
        },
        "RaceToGoal.Policy.ExtrinsicReward.mean": {
            "value": 354.56385976076126,
            "min": -40.05425563454628,
            "max": 363.1012689769268,
            "count": 48
        },
        "RaceToGoal.Policy.ExtrinsicReward.sum": {
            "value": 709.1277195215225,
            "min": -120.16276690363884,
            "max": 1763.9929205849767,
            "count": 48
        },
        "RaceToGoal.IsTraining.mean": {
            "value": 1.0,
            "min": 1.0,
            "max": 1.0,
            "count": 50
        },
        "RaceToGoal.IsTraining.sum": {
            "value": 1.0,
            "min": 1.0,
            "max": 1.0,
            "count": 50
        },
        "RaceToGoal.Losses.PolicyLoss.mean": {
            "value": 0.05373964001579831,
            "min": 0.042333527627245834,
            "max": 0.05668336681944008,
            "count": 48
        },
        "RaceToGoal.Losses.PolicyLoss.sum": {
            "value": 0.05373964001579831,
            "min": 0.042333527627245834,
            "max": 0.05668336681944008,
            "count": 48
        },
        "RaceToGoal.Losses.ValueLoss.mean": {
            "value": 1.0524973347783089,
            "min": 0.7375973676641782,
            "max": 2.1995564053455987,
            "count": 48
        },
        "RaceToGoal.Losses.ValueLoss.sum": {
            "value": 1.0524973347783089,
            "min": 0.7375973676641782,
            "max": 2.1995564053455987,
            "count": 48
        },
        "RaceToGoal.Policy.LearningRate.mean": {
            "value": 4.051898649400004e-06,
            "min": 4.051898649400004e-06,
            "max": 0.00029383980205339994,
            "count": 48
        },
        "RaceToGoal.Policy.LearningRate.sum": {
            "value": 4.051898649400004e-06,
            "min": 4.051898649400004e-06,
            "max": 0.00029383980205339994,
            "count": 48
        },
        "RaceToGoal.Policy.Epsilon.mean": {
            "value": 0.10135059999999997,
            "min": 0.10135059999999997,
            "max": 0.19794659999999997,
            "count": 48
        },
        "RaceToGoal.Policy.Epsilon.sum": {
            "value": 0.10135059999999997,
            "min": 0.10135059999999997,
            "max": 0.19794659999999997,
            "count": 48
        },
        "RaceToGoal.Policy.Beta.mean": {
            "value": 0.0005000000000000002,
            "min": 0.0005000000000000002,
            "max": 0.0005000000000000002,
            "count": 48
        },
        "RaceToGoal.Policy.Beta.sum": {
            "value": 0.0005000000000000002,
            "min": 0.0005000000000000002,
            "max": 0.0005000000000000002,
            "count": 48
        }
    },
    "metadata": {
        "timer_format_version": "0.1.0",
        "start_time_seconds": "1731034744",
        "python_version": "3.10.11 (tags/v3.10.11:7d4cc5a, Apr  5 2023, 00:38:17) [MSC v.1929 64 bit (AMD64)]",
        "command_line_arguments": "D:\\Git\\ML-Racing-Game\\venv\\Scripts\\mlagents-learn config/RaceToGoal12.yaml --initialize-from=RaceToGoal28 --run-id=RaceToGoal29",
        "mlagents_version": "1.1.0",
        "mlagents_envs_version": "1.1.0",
        "communication_protocol_version": "1.5.0",
        "pytorch_version": "2.5.0+cpu",
        "numpy_version": "1.23.5",
        "end_time_seconds": "1731035853"
    },
    "total": 1109.3611801999941,
    "count": 1,
    "self": 0.044857600005343556,
    "children": {
        "run_training.setup": {
            "total": 0.11113419999310281,
            "count": 1,
            "self": 0.11113419999310281
        },
        "TrainerController.start_learning": {
            "total": 1109.2051883999957,
            "count": 1,
            "self": 2.4152943998997216,
            "children": {
                "TrainerController._reset_env": {
                    "total": 15.958056200004648,
                    "count": 1,
                    "self": 15.958056200004648
                },
                "TrainerController.advance": {
                    "total": 1090.718139900091,
                    "count": 62529,
                    "self": 2.2194552007786115,
                    "children": {
                        "env_step": {
                            "total": 799.2397034999012,
                            "count": 62529,
                            "self": 588.8923679008803,
                            "children": {
                                "SubprocessEnvManager._take_step": {
                                    "total": 208.74585699938325,
                                    "count": 62529,
                                    "self": 7.483298998413375,
                                    "children": {
                                        "TorchPolicy.evaluate": {
                                            "total": 201.26255800096988,
                                            "count": 62529,
                                            "self": 201.26255800096988
                                        }
                                    }
                                },
                                "workers": {
                                    "total": 1.6014785996376304,
                                    "count": 62529,
                                    "self": 0.0,
                                    "children": {
                                        "worker_root": {
                                            "total": 1092.6140012999313,
                                            "count": 62529,
                                            "is_parallel": true,
                                            "self": 653.9752356996687,
                                            "children": {
                                                "steps_from_proto": {
                                                    "total": 0.0010678999969968572,
                                                    "count": 1,