{"count":1,"self":368.8260608,"total":386.9410148,"children":{"InitializeActuators":{"count":5,"self":0.0020034,"total":0.0020034,"children":null},"InitializeSensors":{"count":5,"self":0.0025134999999999997,"total":0.0025134999999999997,"children":null},"AgentSendState":{"count":9331,"self":3.4756763999999998,"total":4.1010485999999995,"children":{"CollectObservations":{"count":40435,"self":0.28542249999999997,"total":0.28542249999999997,"children":null},"WriteActionMask":{"count":40435,"self":0.086502,"total":0.086502,"children":null},"RequestDecision":{"count":40435,"self":0.2534476,"total":0.2534476,"children":null}}},"DecideAction":{"count":9331,"self":12.807091999999999,"total":13.877138899999999,"children":{"RayPerceptionSensor.Perceive":{"count":40435,"self":1.0700471999999999,"total":1.0700471999999999,"children":null}}},"AgentAct":{"count":9331,"self":0.13164599999999999,"total":0.13164599999999999,"children":null}},"gauges":{"RaceToGoal.CumulativeReward":{"count":4,"max":367.5289,"min":352.20047,"runningAverage":360.114136,"value":359.144165,"weightedAverage":361.7225}},"metadata":{"timer_format_version":"0.1.0","start_time_seconds":"1731148554","unity_version":"2023.2.20f1","command_line_arguments":"D:\\Unity\\Editor\\2023.2.20f1\\Editor\\Unity.exe -projectpath D:\\Git\\ML-Racing-Game -useHub -hubIPC -cloudEnvironment production","communication_protocol_version":"1.5.0","com.unity.ml-agents_version":"3.0.0","scene_name":"SampleScene","end_time_seconds":"1731148941"}}