{"count":1,"self":176.049536,"total":855.3094671,"children":{"InitializeActuators":{"count":8,"self":0.0020139999999999997,"total":0.0020139999999999997,"children":null},"InitializeSensors":{"count":8,"self":0.0027258,"total":0.0027258,"children":null},"AgentSendState":{"count":62551,"self":12.5641088,"total":24.151173099999998,"children":{"CollectObservations":{"count":500408,"self":1.1713958,"total":1.1713958,"children":null},"WriteActionMask":{"count":500408,"self":0.3487479,"total":0.3487479,"children":null},"RequestDecision":{"count":500408,"self":2.8262232,"total":10.0669209,"children":{"AgentInfo.ToProto":{"count":500408,"self":1.2663313,"total":7.2406977999999995,"children":{"GenerateSensorData":{"count":500408,"self":4.901628,"total":5.9743664999999995,"children":{"RayPerceptionSensor.Perceive":{"count":500408,"self":1.0727385999999999,"total":1.0727385999999999,"children":null}}}}}}}}},"DecideAction":{"count":62551,"self":652.3227648,"total":652.32274929999994,"children":null},"AgentAct":{"count":62551,"self":2.7384796,"total":2.7400713,"children":{"AgentInfo.ToProto":{"count":26,"self":0,"total":0.0015917,"children":{"GenerateSensorData":{"count":26,"self":0.0015917,"total":0.0015917,"children":{"RayPerceptionSensor.Perceive":{"count":26,"self":0,"total":0,"children":null}}}}}}},"AgentInfo.ToProto":{"count":1132,"self":0.0101846,"total":0.0400988,"children":{"GenerateSensorData":{"count":1132,"self":0.024778099999999997,"total":0.0299142,"children":{"RayPerceptionSensor.Perceive":{"count":1132,"self":0.0051360999999999993,"total":0.0051360999999999993,"children":null}}}}}},"gauges":{"RaceToGoal.CumulativeReward":{"count":1158,"max":67.82483,"min":-31.111021,"runningAverage":55.3480377,"value":-30.0270023,"weightedAverage":41.56429}},"metadata":{"timer_format_version":"0.1.0","start_time_seconds":"1730226159","unity_version":"2023.2.20f1","command_line_arguments":"D:\\Unity\\Editor\\2023.2.20f1\\Editor\\Unity.exe -projectpath D:\\Git\\ML-Racing-Game -useHub -hubIPC -cloudEnvironment production","communication_protocol_version":"1.5.0","com.unity.ml-agents_version":"3.0.0","scene_name":"SampleScene","end_time_seconds":"1730227014"}}