{
    "name": "root",
    "gauges": {
        "RaceToGoal.Policy.Entropy.mean": {
            "value": 0.16781723499298096,
            "min": 0.10768751800060272,
            "max": 0.2993414103984833,
            "count": 50
        },
        "RaceToGoal.Policy.Entropy.sum": {
            "value": 1651.321533203125,
            "min": 1079.459716796875,
            "max": 3065.256103515625,
            "count": 50
        },
        "RaceToGoal.Step.mean": {
            "value": 499974.0,
            "min": 9978.0,
            "max": 499974.0,
            "count": 50
        },
        "RaceToGoal.Step.sum": {
            "value": 499974.0,
            "min": 9978.0,
            "max": 499974.0,
            "count": 50
        },
        "RaceToGoal.Policy.ExtrinsicValueEstimate.mean": {
            "value": 5.876650810241699,
            "min": 5.187513828277588,
            "max": 7.7106451988220215,
            "count": 50
        },
        "RaceToGoal.Policy.ExtrinsicValueEstimate.sum": {
            "value": 922.6341552734375,
            "min": 814.439697265625,
            "max": 1233.7032470703125,
            "count": 50
        },
        "RaceToGoal.Environment.EpisodeLength.mean": {
            "value": 5372.5,
            "min": 658.3333333333334,
            "max": 5810.0,
            "count": 38
        },
        "RaceToGoal.Environment.EpisodeLength.sum": {
            "value": 10745.0,
            "min": 1975.0,
            "max": 35072.0,
            "count": 38
        },
        "RaceToGoal.Environment.CumulativeReward.mean": {
            "value": 327.9713571071625,
            "min": -40.099122643470764,
            "max": 367.3316527605057,
            "count": 38
        },
        "RaceToGoal.Environment.CumulativeReward.sum": {
            "value": 655.942714214325,
            "min": -120.18299508094788,
            "max": 2511.30945956707,
            "count": 38
        },
        "RaceToGoal.Policy.ExtrinsicReward.mean": {
            "value": 327.9713571071625,
            "min": -40.099122643470764,
            "max": 367.3316527605057,
            "count": 38
        },
        "RaceToGoal.Policy.ExtrinsicReward.sum": {
            "value": 655.942714214325,
            "min": -120.18299508094788,
            "max": 2511.30945956707,
            "count": 38
        },
        "RaceToGoal.IsTraining.mean": {
            "value": 1.0,
            "min": 1.0,
            "max": 1.0,
            "count": 50
        },
        "RaceToGoal.IsTraining.sum": {
            "value": 1.0,
            "min": 1.0,
            "max": 1.0,
            "count": 50
        },
        "RaceToGoal.Losses.PolicyLoss.mean": {
            "value": 0.045268612552899865,
            "min": 0.041361892264103514,
            "max": 0.05820696258451789,
            "count": 48
        },
        "RaceToGoal.Losses.PolicyLoss.sum": {
            "value": 0.045268612552899865,
            "min": 0.041361892264103514,
            "max": 0.05820696258451789,
            "count": 48
        },
        "RaceToGoal.Losses.ValueLoss.mean": {
            "value": 1.5394814148545266,
            "min": 0.4794581331312656,
            "max": 2.0717324068148932,
            "count": 48
        },
        "RaceToGoal.Losses.ValueLoss.sum": {
            "value": 1.5394814148545266,
            "min": 0.4794581331312656,
            "max": 2.0717324068148932,
            "count": 48
        },
        "RaceToGoal.Policy.LearningRate.mean": {
            "value": 3.875498708199995e-06,
            "min": 3.875498708199995e-06,
            "max": 0.00029382120205959995,
            "count": 48
        },
        "RaceToGoal.Policy.LearningRate.sum": {
            "value": 3.875498708199995e-06,
            "min": 3.875498708199995e-06,
            "max": 0.00029382120205959995,
            "count": 48
        },
        "RaceToGoal.Policy.Epsilon.mean": {
            "value": 0.10129180000000003,
            "min": 0.10129180000000003,
            "max": 0.19794040000000007,
            "count": 48
        },
        "RaceToGoal.Policy.Epsilon.sum": {
            "value": 0.10129180000000003,
            "min": 0.10129180000000003,
            "max": 0.19794040000000007,
            "count": 48
        },
        "RaceToGoal.Policy.Beta.mean": {
            "value": 0.0005000000000000002,
            "min": 0.0005000000000000002,
            "max": 0.0005000000000000002,
            "count": 48
        },
        "RaceToGoal.Policy.Beta.sum": {
            "value": 0.0005000000000000002,
            "min": 0.0005000000000000002,
            "max": 0.0005000000000000002,
            "count": 48
        }
    },
    "metadata": {
        "timer_format_version": "0.1.0",
        "start_time_seconds": "1731094464",
        "python_version": "3.10.11 (tags/v3.10.11:7d4cc5a, Apr  5 2023, 00:38:17) [MSC v.1929 64 bit (AMD64)]",
        "command_line_arguments": "D:\\Git\\ML-Racing-Game\\venv\\Scripts\\mlagents-learn config/RaceToGoal12.yaml --initialize-from=RaceToGoal30 --run-id=RaceToGoal31",
        "mlagents_version": "1.1.0",
        "mlagents_envs_version": "1.1.0",
        "communication_protocol_version": "1.5.0",
        "pytorch_version": "2.5.0+cpu",
        "numpy_version": "1.23.5",
        "end_time_seconds": "1731095084"
    },
    "total": 619.6602665999962,
    "count": 1,
    "self": 0.007627800005138852,
    "children": {
        "run_training.setup": {
            "total": 0.1496082999947248,
            "count": 1,
            "self": 0.1496082999947248
        },
        "TrainerController.start_learning": {
            "total": 619.5030304999964,
            "count": 1,
            "self": 1.435628998617176,
            "children": {
                "TrainerController._reset_env": {
                    "total": 18.32688500000222,
                    "count": 1,
                    "self": 18.32688500000222
                },
                "TrainerController.advance": {
                    "total": 599.6813950013748,
                    "count": 62515,
                    "self": 1.1866530990373576,
                    "children": {
                        "env_step": {
                            "total": 446.50147230208677,
                            "count": 62515,
                            "self": 334.52853000517644,
                            "children": {
                                "SubprocessEnvManager._take_step": {
                                    "total": 111.10471300075005,
                                    "count": 62515,
                                    "self": 3.8542291988851503,
                                    "children": {
                                        "TorchPolicy.evaluate": {
                                            "total": 107.2504838018649,
                                            "count": 62515,
                                            "self": 107.2504838018649
                                        }
                                    }
                                },
                                "workers": {
                                    "total": 0.8682292961602798,
                                    "count": 62515,
                                    "self": 0.0,
                                    "children": {
                                        "worker_root": {
                                            "total": 600.7557464996353,
                                            "count": 62515,
                                            "is_parallel": true,
                                            "self": 340.6112126994558,
                                            "children": {
                                                "steps_from_proto": {
                                                    "total": 0.00040109999827109277,
                                                    "count": 1,