{
    "name": "root",
    "gauges": {
        "ObstacleBehavior.Policy.Entropy.mean": {
            "value": 0.32986557483673096,
            "min": 0.25642064213752747,
            "max": 2.196969747543335,
            "count": 50
        },
        "ObstacleBehavior.Policy.Entropy.sum": {
            "value": 3306.572509765625,
            "min": 2553.949462890625,
            "max": 22655.15234375,
            "count": 50
        },
        "ObstacleBehavior.Step.mean": {
            "value": 499999.0,
            "min": 9961.0,
            "max": 499999.0,
            "count": 50
        },
        "ObstacleBehavior.Step.sum": {
            "value": 499999.0,
            "min": 9961.0,
            "max": 499999.0,
            "count": 50
        },
        "ObstacleBehavior.Policy.ExtrinsicValueEstimate.mean": {
            "value": 0.644443690776825,
            "min": -0.304823637008667,
            "max": 0.7843910455703735,
            "count": 50
        },
        "ObstacleBehavior.Policy.ExtrinsicValueEstimate.sum": {
            "value": 103.11099243164062,
            "min": -48.77178192138672,
            "max": 125.5025634765625,
            "count": 50
        },
        "ObstacleBehavior.Policy.GailValueEstimate.mean": {
            "value": 53.6102294921875,
            "min": 0.08795733749866486,
            "max": 56.337486267089844,
            "count": 50
        },
        "ObstacleBehavior.Policy.GailValueEstimate.sum": {
            "value": 8577.63671875,
            "min": 14.161130905151367,
            "max": 8957.66015625,
            "count": 50
        },
        "ObstacleBehavior.Environment.EpisodeLength.mean": {
            "value": 1950.8,
            "min": 405.7586206896552,
            "max": 2236.6,
            "count": 50
        },
        "ObstacleBehavior.Environment.EpisodeLength.sum": {
            "value": 9754.0,
            "min": 5604.0,
            "max": 13936.0,
            "count": 50
        },
        "ObstacleBehavior.Environment.CumulativeReward.mean": {
            "value": 116.8015086531639,
            "min": -41.550748086116954,
            "max": 177.36766547461352,
            "count": 50
        },
        "ObstacleBehavior.Environment.CumulativeReward.sum": {
            "value": 584.0075432658195,
            "min": -1204.9716944973916,
            "max": 1064.205992847681,
            "count": 50
        },
        "ObstacleBehavior.Policy.ExtrinsicReward.mean": {
            "value": 11.680151505023241,
            "min": -4.155074906977022,
            "max": 17.736767330827814,
            "count": 50
        },
        "ObstacleBehavior.Policy.ExtrinsicReward.sum": {
            "value": 58.400757525116205,
            "min": -120.49717230233364,
            "max": 106.42060398496687,
            "count": 50
        },
        "ObstacleBehavior.Policy.GailReward.mean": {
            "value": 1130.451875075698,
            "min": 267.40382818518015,
            "max": 1610.7964406013489,
            "count": 50
        },
        "ObstacleBehavior.Policy.GailReward.sum": {
            "value": 5652.2593753784895,
            "min": 2294.862254858017,
            "max": 8276.230894565582,
            "count": 50
        },
        "ObstacleBehavior.IsTraining.mean": {
            "value": 1.0,
            "min": 1.0,
            "max": 1.0,
            "count": 50
        },
        "ObstacleBehavior.IsTraining.sum": {
            "value": 1.0,
            "min": 1.0,
            "max": 1.0,
            "count": 50
        },
        "ObstacleBehavior.Losses.PolicyLoss.mean": {
            "value": 0.0498841406001399,
            "min": 0.04169538237232094,
            "max": 0.05581705551982547,
            "count": 48
        },
        "ObstacleBehavior.Losses.PolicyLoss.sum": {
            "value": 0.0498841406001399,
            "min": 0.04169538237232094,
            "max": 0.05581705551982547,
            "count": 48
        },
        "ObstacleBehavior.Losses.ValueLoss.mean": {
            "value": 64.8121997833252,
            "min": 18.151022879282632,
            "max": 73.06983205477397,
            "count": 48
        },
        "ObstacleBehavior.Losses.ValueLoss.sum": {
            "value": 64.8121997833252,
            "min": 18.151022879282632,
            "max": 73.06983205477397,
            "count": 48
        },
        "ObstacleBehavior.Policy.LearningRate.mean": {
            "value": 4.142498619200014e-06,
            "min": 4.142498619200014e-06,
            "max": 0.00029383140205619995,
            "count": 48
        },
        "ObstacleBehavior.Policy.LearningRate.sum": {
            "value": 4.142498619200014e-06,
            "min": 4.142498619200014e-06,
            "max": 0.00029383140205619995,
            "count": 48
        },
        "ObstacleBehavior.Policy.Epsilon.mean": {
            "value": 0.10138080000000003,
            "min": 0.10138080000000003,
            "max": 0.1979438,
            "count": 48
        },
        "ObstacleBehavior.Policy.Epsilon.sum": {
            "value": 0.10138080000000003,
            "min": 0.10138080000000003,
            "max": 0.1979438,
            "count": 48
        },
        "ObstacleBehavior.Policy.Beta.mean": {
            "value": 0.0005000000000000002,
            "min": 0.0005000000000000002,
            "max": 0.0005000000000000002,
            "count": 48
        },
        "ObstacleBehavior.Policy.Beta.sum": {
            "value": 0.0005000000000000002,
            "min": 0.0005000000000000002,
            "max": 0.0005000000000000002,
            "count": 48
        },
        "ObstacleBehavior.Policy.GAILPolicyEstimate.mean": {
            "value": 0.38915982643763225,
            "min": 0.22409179570774237,
            "max": 0.5044525414705276,
            "count": 48
        },
        "ObstacleBehavior.Policy.GAILPolicyEstimate.sum": {
            "value": 0.38915982643763225,
            "min": 0.22409179570774237,
            "max": 0.5044525414705276,
            "count": 48
        },
        "ObstacleBehavior.Policy.GAILExpertEstimate.mean": {
            "value": 0.6265622327725092,
            "min": 0.4743592865765095,
            "max": 0.7434294506907463,
            "count": 48
        },
        "ObstacleBehavior.Policy.GAILExpertEstimate.sum": {
            "value": 0.6265622327725092,
            "min": 0.4743592865765095,
            "max": 0.7434294506907463,
            "count": 48
        },
        "ObstacleBehavior.Losses.GAILLoss.mean": {
            "value": 1.042319624622663,
            "min": 0.5950623586773872,
            "max": 1.534085284670194,
            "count": 48
        },
        "ObstacleBehavior.Losses.GAILLoss.sum": {
            "value": 1.042319624622663,
            "min": 0.5950623586773872,
            "max": 1.534085284670194,
            "count": 48
        },
        "ObstacleBehavior.Policy.GAILGradMagLoss.mean": {
            "value": 0.053484507681181036,
            "min": 0.043805462789411345,
            "max": 4.716962609936794,
            "count": 48
        },
        "ObstacleBehavior.Policy.GAILGradMagLoss.sum": {
            "value": 0.053484507681181036,
            "min": 0.043805462789411345,
            "max": 4.716962609936794,
            "count": 48
        },
        "ObstacleBehavior.Losses.PretrainingLoss.mean": {
            "value": 0.1041219494281671,
            "min": 0.1041219494281671,
            "max": 0.847738843697768,
            "count": 48
        },
        "ObstacleBehavior.Losses.PretrainingLoss.sum": {
            "value": 0.1041219494281671,
            "min": 0.1041219494281671,
            "max": 0.847738843697768,
            "count": 48
        }
    },
    "metadata": {
        "timer_format_version": "0.1.0",
        "start_time_seconds": "1730875564",
        "python_version": "3.10.11 (tags/v3.10.11:7d4cc5a, Apr  5 2023, 00:38:17) [MSC v.1929 64 bit (AMD64)]",