{
    "name": "root",
    "gauges": {
        "RaceToGoal.Policy.Entropy.mean": {
            "value": 0.18240857124328613,
            "min": 0.15921218693256378,
            "max": 0.27726152539253235,
            "count": 50
        },
        "RaceToGoal.Policy.Entropy.sum": {
            "value": 1808.03369140625,
            "min": 1589.574462890625,
            "max": 2839.157958984375,
            "count": 50
        },
        "RaceToGoal.Step.mean": {
            "value": 499968.0,
            "min": 9962.0,
            "max": 499968.0,
            "count": 50
        },
        "RaceToGoal.Step.sum": {
            "value": 499968.0,
            "min": 9962.0,
            "max": 499968.0,
            "count": 50
        },
        "RaceToGoal.Policy.ExtrinsicValueEstimate.mean": {
            "value": 9.163304328918457,
            "min": 4.978492259979248,
            "max": 9.31655502319336,
            "count": 50
        },
        "RaceToGoal.Policy.ExtrinsicValueEstimate.sum": {
            "value": 1466.128662109375,
            "min": 781.623291015625,
            "max": 1509.281982421875,
            "count": 50
        },
        "RaceToGoal.Environment.EpisodeLength.mean": {
            "value": 1558.6666666666667,
            "min": 884.0,
            "max": 1706.25,
            "count": 50
        },
        "RaceToGoal.Environment.EpisodeLength.sum": {
            "value": 9352.0,
            "min": 1768.0,
            "max": 13214.0,
            "count": 50
        },
        "RaceToGoal.Environment.CumulativeReward.mean": {
            "value": 147.33735950787863,
            "min": -40.02902942895889,
            "max": 148.05596653904234,
            "count": 50
        },
        "RaceToGoal.Environment.CumulativeReward.sum": {
            "value": 884.0241570472717,
            "min": -80.05805885791779,
            "max": 1183.2556186914444,
            "count": 50
        },
        "RaceToGoal.Policy.ExtrinsicReward.mean": {
            "value": 147.33735950787863,
            "min": -40.02902942895889,
            "max": 148.05596653904234,
            "count": 50
        },
        "RaceToGoal.Policy.ExtrinsicReward.sum": {
            "value": 884.0241570472717,
            "min": -80.05805885791779,
            "max": 1183.2556186914444,
            "count": 50
        },
        "RaceToGoal.IsTraining.mean": {
            "value": 1.0,
            "min": 1.0,
            "max": 1.0,
            "count": 50
        },
        "RaceToGoal.IsTraining.sum": {
            "value": 1.0,
            "min": 1.0,
            "max": 1.0,
            "count": 50
        },
        "RaceToGoal.Losses.PolicyLoss.mean": {
            "value": 0.040092244567737606,
            "min": 0.040092244567737606,
            "max": 0.05716791136655956,
            "count": 48
        },
        "RaceToGoal.Losses.PolicyLoss.sum": {
            "value": 0.040092244567737606,
            "min": 0.040092244567737606,
            "max": 0.05716791136655956,
            "count": 48
        },
        "RaceToGoal.Losses.ValueLoss.mean": {
            "value": 1.1738193064928055,
            "min": 0.9804788142442703,
            "max": 2.3648249566555024,
            "count": 48
        },
        "RaceToGoal.Losses.ValueLoss.sum": {
            "value": 1.1738193064928055,
            "min": 0.9804788142442703,
            "max": 2.3648249566555024,
            "count": 48
        },
        "RaceToGoal.Policy.LearningRate.mean": {
            "value": 3.979898673400001e-06,
            "min": 3.979898673400001e-06,
            "max": 0.00029383080205639984,
            "count": 48
        },
        "RaceToGoal.Policy.LearningRate.sum": {
            "value": 3.979898673400001e-06,
            "min": 3.979898673400001e-06,
            "max": 0.00029383080205639984,
            "count": 48
        },
        "RaceToGoal.Policy.Epsilon.mean": {
            "value": 0.10132659999999999,
            "min": 0.10132659999999999,
            "max": 0.19794359999999994,
            "count": 48
        },
        "RaceToGoal.Policy.Epsilon.sum": {
            "value": 0.10132659999999999,
            "min": 0.10132659999999999,
            "max": 0.19794359999999994,
            "count": 48
        },
        "RaceToGoal.Policy.Beta.mean": {
            "value": 0.0005000000000000002,
            "min": 0.0005000000000000002,
            "max": 0.0005000000000000002,
            "count": 48
        },
        "RaceToGoal.Policy.Beta.sum": {
            "value": 0.0005000000000000002,
            "min": 0.0005000000000000002,
            "max": 0.0005000000000000002,
            "count": 48
        }
    },
    "metadata": {
        "timer_format_version": "0.1.0",
        "start_time_seconds": "1731033084",
        "python_version": "3.10.11 (tags/v3.10.11:7d4cc5a, Apr  5 2023, 00:38:17) [MSC v.1929 64 bit (AMD64)]",
        "command_line_arguments": "D:\\Git\\ML-Racing-Game\\venv\\Scripts\\mlagents-learn config/RaceToGoal12.yaml --initialize-from=RaceToGoal27 --run-id=RaceToGoal28",
        "mlagents_version": "1.1.0",
        "mlagents_envs_version": "1.1.0",
        "communication_protocol_version": "1.5.0",
        "pytorch_version": "2.5.0+cpu",
        "numpy_version": "1.23.5",
        "end_time_seconds": "1731034189"
    },
    "total": 1105.177128700001,
    "count": 1,
    "self": 0.02773910000541946,
    "children": {
        "run_training.setup": {
            "total": 0.11184289999800967,
            "count": 1,
            "self": 0.11184289999800967
        },
        "TrainerController.start_learning": {
            "total": 1105.0375466999976,
            "count": 1,
            "self": 2.3946829992346466,
            "children": {
                "TrainerController._reset_env": {
                    "total": 27.465866699996695,
                    "count": 1,
                    "self": 27.465866699996695
                },
                "TrainerController.advance": {
                    "total": 1075.0584064007708,
                    "count": 62525,
                    "self": 2.165817100511049,
                    "children": {
                        "env_step": {
                            "total": 789.4937819998668,
                            "count": 62525,
                            "self": 582.7847436016091,
                            "children": {
                                "SubprocessEnvManager._take_step": {
                                    "total": 205.2042477986979,
                                    "count": 62525,
                                    "self": 7.1483386977997725,
                                    "children": {
                                        "TorchPolicy.evaluate": {
                                            "total": 198.05590910089813,
                                            "count": 62525,
                                            "self": 198.05590910089813
                                        }
                                    }
                                },
                                "workers": {
                                    "total": 1.504790599559783,
                                    "count": 62525,
                                    "self": 0.0,
                                    "children": {
                                        "worker_root": {
                                            "total": 1078.752799100359,
                                            "count": 62525,
                                            "is_parallel": true,
                                            "self": 643.6781870007107,
                                            "children": {
                                                "steps_from_proto": {
                                                    "total": 0.0008315000013681129,
                                                    "count": 1,