{
    "name": "root",
    "gauges": {
        "RaceToGoal.Policy.Entropy.mean": {
            "value": 0.4643532335758209,
            "min": 0.36811596155166626,
            "max": 0.588661789894104,
            "count": 50
        },
        "RaceToGoal.Policy.Entropy.sum": {
            "value": 4695.5400390625,
            "min": 3610.4814453125,
            "max": 6027.89697265625,
            "count": 50
        },
        "RaceToGoal.Step.mean": {
            "value": 499969.0,
            "min": 9970.0,
            "max": 499969.0,
            "count": 50
        },
        "RaceToGoal.Step.sum": {
            "value": 499969.0,
            "min": 9970.0,
            "max": 499969.0,
            "count": 50
        },
        "RaceToGoal.Policy.ExtrinsicValueEstimate.mean": {
            "value": -0.4369504749774933,
            "min": -0.9908943772315979,
            "max": 0.4609692692756653,
            "count": 50
        },
        "RaceToGoal.Policy.ExtrinsicValueEstimate.sum": {
            "value": -68.16427612304688,
            "min": -156.56130981445312,
            "max": 72.37217712402344,
            "count": 50
        },
        "RaceToGoal.Environment.EpisodeLength.mean": {
            "value": 3135.0,
            "min": 280.0,
            "max": 27496.0,
            "count": 36
        },
        "RaceToGoal.Environment.EpisodeLength.sum": {
            "value": 3135.0,
            "min": 486.0,
            "max": 38583.0,
            "count": 36
        },
        "RaceToGoal.Environment.CumulativeReward.mean": {
            "value": -40.97945296019316,
            "min": -91.21323347836733,
            "max": -39.98764855088666,
            "count": 36
        },
        "RaceToGoal.Environment.CumulativeReward.sum": {
            "value": -40.97945296019316,
            "min": -176.98199594393373,
            "max": -39.98764855088666,
            "count": 36
        },
        "RaceToGoal.Policy.ExtrinsicReward.mean": {
            "value": -40.97945296019316,
            "min": -91.21323347836733,
            "max": -39.98764855088666,
            "count": 36
        },
        "RaceToGoal.Policy.ExtrinsicReward.sum": {
            "value": -40.97945296019316,
            "min": -176.98199594393373,
            "max": -39.98764855088666,
            "count": 36
        },
        "RaceToGoal.IsTraining.mean": {
            "value": 1.0,
            "min": 1.0,
            "max": 1.0,
            "count": 50
        },
        "RaceToGoal.IsTraining.sum": {
            "value": 1.0,
            "min": 1.0,
            "max": 1.0,
            "count": 50
        },
        "RaceToGoal.Losses.PolicyLoss.mean": {
            "value": 0.04180609239944412,
            "min": 0.04180609239944412,
            "max": 0.05839852076411868,
            "count": 48
        },
        "RaceToGoal.Losses.PolicyLoss.sum": {
            "value": 0.04180609239944412,
            "min": 0.04180609239944412,
            "max": 0.05839852076411868,
            "count": 48
        },
        "RaceToGoal.Losses.ValueLoss.mean": {
            "value": 0.344150016674151,
            "min": 0.021770634781569244,
            "max": 1.3704193646709124,
            "count": 48
        },
        "RaceToGoal.Losses.ValueLoss.sum": {
            "value": 0.344150016674151,
            "min": 0.021770634781569244,
            "max": 1.3704193646709124,
            "count": 48
        },
        "RaceToGoal.Policy.LearningRate.mean": {
            "value": 3.2826989058000015e-06,
            "min": 3.2826989058000015e-06,
            "max": 0.000293826002058,
            "count": 48
        },
        "RaceToGoal.Policy.LearningRate.sum": {
            "value": 3.2826989058000015e-06,
            "min": 3.2826989058000015e-06,
            "max": 0.000293826002058,
            "count": 48
        },
        "RaceToGoal.Policy.Epsilon.mean": {
            "value": 0.10109419999999997,
            "min": 0.10109419999999997,
            "max": 0.19794199999999998,
            "count": 48
        },
        "RaceToGoal.Policy.Epsilon.sum": {
            "value": 0.10109419999999997,
            "min": 0.10109419999999997,
            "max": 0.19794199999999998,
            "count": 48
        },
        "RaceToGoal.Policy.Beta.mean": {
            "value": 0.0005000000000000002,
            "min": 0.0005000000000000002,
            "max": 0.0005000000000000002,
            "count": 48
        },
        "RaceToGoal.Policy.Beta.sum": {
            "value": 0.0005000000000000002,
            "min": 0.0005000000000000002,
            "max": 0.0005000000000000002,
            "count": 48
        }
    },
    "metadata": {
        "timer_format_version": "0.1.0",
        "start_time_seconds": "1730902019",
        "python_version": "3.10.11 (tags/v3.10.11:7d4cc5a, Apr  5 2023, 00:38:17) [MSC v.1929 64 bit (AMD64)]",
        "command_line_arguments": "D:\\Git\\ML-Racing-Game\\venv\\Scripts\\mlagents-learn config/RaceToGoal8.yaml --initialize-from=RaceToGoal10 --run-id=RaceToGoal11",
        "mlagents_version": "1.1.0",
        "mlagents_envs_version": "1.1.0",
        "communication_protocol_version": "1.5.0",
        "pytorch_version": "2.5.0+cpu",
        "numpy_version": "1.23.5",
        "end_time_seconds": "1730902718"
    },
    "total": 698.1788073999996,
    "count": 1,
    "self": 0.017175099994346965,
    "children": {
        "run_training.setup": {
            "total": 0.08203440000215778,
            "count": 1,
            "self": 0.08203440000215778
        },
        "TrainerController.start_learning": {
            "total": 698.0795979000031,
            "count": 1,
            "self": 0.9119350994369597,
            "children": {
                "TrainerController._reset_env": {
                    "total": 11.7701464999991,
                    "count": 1,
                    "self": 11.7701464999991
                },
                "TrainerController.advance": {
                    "total": 685.3047824005698,
                    "count": 31288,
                    "self": 0.8690821998825413,
                    "children": {
                        "env_step": {
                            "total": 463.09798390007927,
                            "count": 31288,
                            "self": 369.82695330007846,
                            "children": {
                                "SubprocessEnvManager._take_step": {
                                    "total": 92.67379890050506,
                                    "count": 31288,
                                    "self": 2.926293301192345,
                                    "children": {
                                        "TorchPolicy.evaluate": {
                                            "total": 89.74750559931272,
                                            "count": 31288,
                                            "self": 89.74750559931272
                                        }
                                    }
                                },
                                "workers": {
                                    "total": 0.597231699495751,
                                    "count": 31288,
                                    "self": 0.0,
                                    "children": {
                                        "worker_root": {
                                            "total": 687.0619918998127,
                                            "count": 31288,
                                            "is_parallel": true,
                                            "self": 406.3591742994249,
                                            "children": {
                                                "steps_from_proto": {
                                                    "total": 0.0007421000045724213,
                                                    "count": 1,