{
    "name": "root",
    "gauges": {
        "RaceToGoal.Policy.Entropy.mean": {
            "value": 0.8492615818977356,
            "min": 0.731277585029602,
            "max": 1.1114832162857056,
            "count": 50
        },
        "RaceToGoal.Policy.Entropy.sum": {
            "value": 8560.556640625,
            "min": 7347.876953125,
            "max": 11381.587890625,
            "count": 50
        },
        "RaceToGoal.Step.mean": {
            "value": 499987.0,
            "min": 9948.0,
            "max": 499987.0,
            "count": 50
        },
        "RaceToGoal.Step.sum": {
            "value": 499987.0,
            "min": 9948.0,
            "max": 499987.0,
            "count": 50
        },
        "RaceToGoal.Policy.ExtrinsicValueEstimate.mean": {
            "value": -0.23675750195980072,
            "min": -0.25930216908454895,
            "max": 0.20194199681282043,
            "count": 50
        },
        "RaceToGoal.Policy.ExtrinsicValueEstimate.sum": {
            "value": -37.170928955078125,
            "min": -40.96974182128906,
            "max": 31.906835556030273,
            "count": 50
        },
        "RaceToGoal.Policy.GailValueEstimate.mean": {
            "value": 25.91832733154297,
            "min": 25.91832733154297,
            "max": 83.01417541503906,
            "count": 50
        },
        "RaceToGoal.Policy.GailValueEstimate.sum": {
            "value": 4069.17724609375,
            "min": 4069.17724609375,
            "max": 13033.2255859375,
            "count": 50
        },
        "RaceToGoal.Environment.EpisodeLength.mean": {
            "value": 6194.0,
            "min": 350.2,
            "max": 15149.0,
            "count": 32
        },
        "RaceToGoal.Environment.EpisodeLength.sum": {
            "value": 6194.0,
            "min": 857.0,
            "max": 36447.0,
            "count": 32
        },
        "RaceToGoal.Environment.CumulativeReward.mean": {
            "value": -40.01601278781891,
            "min": -47.05234012628595,
            "max": 319.2056674878113,
            "count": 32
        },
        "RaceToGoal.Environment.CumulativeReward.sum": {
            "value": -40.01601278781891,
            "min": -240.31966426968575,
            "max": 550.2929492890835,
            "count": 32
        },
        "RaceToGoal.Policy.ExtrinsicReward.mean": {
            "value": -4.0016014240682125,
            "min": -4.705234864571442,
            "max": 31.92056555778254,
            "count": 32
        },
        "RaceToGoal.Policy.ExtrinsicReward.sum": {
            "value": -4.0016014240682125,
            "min": -24.03196709882468,
            "max": 55.02929188031703,
            "count": 32
        },
        "RaceToGoal.Policy.GailReward.mean": {
            "value": 1536.493476472795,
            "min": 80.65814428217709,
            "max": 7661.997371703386,
            "count": 32
        },
        "RaceToGoal.Policy.GailReward.sum": {
            "value": 1536.493476472795,
            "min": 403.29072141088545,
            "max": 19244.859156767838,
            "count": 32
        },
        "RaceToGoal.IsTraining.mean": {
            "value": 1.0,
            "min": 1.0,
            "max": 1.0,
            "count": 50
        },
        "RaceToGoal.IsTraining.sum": {
            "value": 1.0,
            "min": 1.0,
            "max": 1.0,
            "count": 50
        },
        "RaceToGoal.Losses.PolicyLoss.mean": {
            "value": 0.04780714376150475,
            "min": 0.043440713772239785,
            "max": 0.05802745625066261,
            "count": 48
        },
        "RaceToGoal.Losses.PolicyLoss.sum": {
            "value": 0.04780714376150475,
            "min": 0.043440713772239785,
            "max": 0.05802745625066261,
            "count": 48
        },
        "RaceToGoal.Losses.ValueLoss.mean": {
            "value": 65.59972073237101,
            "min": 32.54449509779612,
            "max": 121.44196319580078,
            "count": 48
        },
        "RaceToGoal.Losses.ValueLoss.sum": {
            "value": 65.59972073237101,
            "min": 32.54449509779612,
            "max": 121.44196319580078,
            "count": 48
        },
        "RaceToGoal.Policy.LearningRate.mean": {
            "value": 3.648098783999985e-06,
            "min": 3.648098783999985e-06,
            "max": 0.00029383920205360004,
            "count": 48
        },
        "RaceToGoal.Policy.LearningRate.sum": {
            "value": 3.648098783999985e-06,
            "min": 3.648098783999985e-06,
            "max": 0.00029383920205360004,
            "count": 48
        },
        "RaceToGoal.Policy.Epsilon.mean": {
            "value": 0.10121599999999999,
            "min": 0.10121599999999999,
            "max": 0.19794640000000005,
            "count": 48
        },
        "RaceToGoal.Policy.Epsilon.sum": {
            "value": 0.10121599999999999,
            "min": 0.10121599999999999,
            "max": 0.19794640000000005,
            "count": 48
        },
        "RaceToGoal.Policy.Beta.mean": {
            "value": 0.0005000000000000002,
            "min": 0.0005000000000000002,
            "max": 0.0005000000000000002,
            "count": 48
        },
        "RaceToGoal.Policy.Beta.sum": {
            "value": 0.0005000000000000002,
            "min": 0.0005000000000000002,
            "max": 0.0005000000000000002,
            "count": 48
        },
        "RaceToGoal.Policy.GAILPolicyEstimate.mean": {
            "value": 0.18669057674705983,
            "min": 0.18669057674705983,
            "max": 0.45129267250498134,
            "count": 48
        },
        "RaceToGoal.Policy.GAILPolicyEstimate.sum": {
            "value": 0.18669057674705983,
            "min": 0.18669057674705983,
            "max": 0.45129267250498134,
            "count": 48
        },
        "RaceToGoal.Policy.GAILExpertEstimate.mean": {
            "value": 0.7852120339870453,
            "min": 0.5544936716556549,
            "max": 0.7852120339870453,
            "count": 48
        },
        "RaceToGoal.Policy.GAILExpertEstimate.sum": {
            "value": 0.7852120339870453,
            "min": 0.5544936716556549,
            "max": 0.7852120339870453,
            "count": 48
        },
        "RaceToGoal.Losses.GAILLoss.mean": {
            "value": 0.5970071151852607,
            "min": 0.5970071151852607,
            "max": 1.2487318416436513,
            "count": 48
        },
        "RaceToGoal.Losses.GAILLoss.sum": {
            "value": 0.5970071151852607,
            "min": 0.5970071151852607,
            "max": 1.2487318416436513,
            "count": 48
        },
        "RaceToGoal.Policy.GAILGradMagLoss.mean": {
            "value": 0.01851724029208223,
            "min": 0.009187697324280937,
            "max": 0.04406486037187278,
            "count": 48
        },
        "RaceToGoal.Policy.GAILGradMagLoss.sum": {
            "value": 0.01851724029208223,
            "min": 0.009187697324280937,
            "max": 0.04406486037187278,
            "count": 48
        },
        "RaceToGoal.Losses.PretrainingLoss.mean": {
            "value": 0.36212126645006876,
            "min": 0.36212126645006876,
            "max": 0.4523275169984315,
            "count": 48
        },
        "RaceToGoal.Losses.PretrainingLoss.sum": {
            "value": 0.36212126645006876,
            "min": 0.36212126645006876,
            "max": 0.4523275169984315,
            "count": 48
        }
    },
    "metadata": {
        "timer_format_version": "0.1.0",
        "start_time_seconds": "1730905986",
        "python_version": "3.10.11 (tags/v3.10.11:7d4cc5a, Apr  5 2023, 00:38:17) [MSC v.1929 64 bit (AMD64)]",
        "command_line_arguments": "D:\\Git\\ML-Racing-Game\\venv\\Scripts\\mlagents-learn config/RaceToGoal9.yaml --initialize-from=RaceToGoal12 --run-id=RaceToGoal13 --force",
        "mlagents_version": "1.1.0",