{
    "name": "root",
    "gauges": {
        "RaceToGoal.Policy.Entropy.mean": {
            "value": 1.8084908723831177,
            "min": 1.8084908723831177,
            "max": 1.8084908723831177,
            "count": 1
        },
        "RaceToGoal.Policy.Entropy.sum": {
            "value": 18294.693359375,
            "min": 18294.693359375,
            "max": 18294.693359375,
            "count": 1
        },
        "RaceToGoal.Step.mean": {
            "value": 9976.0,
            "min": 9976.0,
            "max": 9976.0,
            "count": 1
        },
        "RaceToGoal.Step.sum": {
            "value": 9976.0,
            "min": 9976.0,
            "max": 9976.0,
            "count": 1
        },
        "RaceToGoal.Policy.ExtrinsicValueEstimate.mean": {
            "value": 5.876440048217773,
            "min": 5.876440048217773,
            "max": 5.876440048217773,
            "count": 1
        },
        "RaceToGoal.Policy.ExtrinsicValueEstimate.sum": {
            "value": 969.6126098632812,
            "min": 969.6126098632812,
            "max": 969.6126098632812,
            "count": 1
        },
        "RaceToGoal.Losses.PolicyLoss.mean": {
            "value": 0.24192851188417241,
            "min": 0.24192851188417241,
            "max": 0.24192851188417241,
            "count": 1
        },
        "RaceToGoal.Losses.PolicyLoss.sum": {
            "value": 17.660781367544587,
            "min": 17.660781367544587,
            "max": 17.660781367544587,
            "count": 1
        },
        "RaceToGoal.Losses.ValueLoss.mean": {
            "value": 0.687249608062488,
            "min": 0.687249608062488,
            "max": 0.687249608062488,
            "count": 1
        },
        "RaceToGoal.Losses.ValueLoss.sum": {
            "value": 50.169221388561624,
            "min": 50.169221388561624,
            "max": 50.169221388561624,
            "count": 1
        },
        "RaceToGoal.Policy.LearningRate.mean": {
            "value": 0.00029683535447953965,
            "min": 0.00029683535447953965,
            "max": 0.00029683535447953965,
            "count": 1
        },
        "RaceToGoal.Policy.LearningRate.sum": {
            "value": 0.021668980877006395,
            "min": 0.021668980877006395,
            "max": 0.021668980877006395,
            "count": 1
        },
        "RaceToGoal.Policy.Epsilon.mean": {
            "value": 0.1989451178082192,
            "min": 0.1989451178082192,
            "max": 0.1989451178082192,
            "count": 1
        },
        "RaceToGoal.Policy.Epsilon.sum": {
            "value": 14.522993600000001,
            "min": 14.522993600000001,
            "max": 14.522993600000001,
            "count": 1
        },
        "RaceToGoal.Policy.Beta.mean": {
            "value": 0.0005,
            "min": 0.0005,
            "max": 0.0005,
            "count": 1
        },
        "RaceToGoal.Policy.Beta.sum": {
            "value": 0.036500000000000005,
            "min": 0.036500000000000005,
            "max": 0.036500000000000005,
            "count": 1
        },
        "RaceToGoal.Environment.EpisodeLength.mean": {
            "value": 401.8,
            "min": 401.8,
            "max": 401.8,
            "count": 1
        },
        "RaceToGoal.Environment.EpisodeLength.sum": {
            "value": 8036.0,
            "min": 8036.0,
            "max": 8036.0,
            "count": 1
        },
        "RaceToGoal.Environment.CumulativeReward.mean": {
            "value": 26.382538365013897,
            "min": 26.382538365013897,
            "max": 26.382538365013897,
            "count": 1
        },
        "RaceToGoal.Environment.CumulativeReward.sum": {
            "value": 527.650767300278,
            "min": 527.650767300278,
            "max": 527.650767300278,
            "count": 1
        },
        "RaceToGoal.Policy.ExtrinsicReward.mean": {
            "value": 26.382538365013897,
            "min": 26.382538365013897,
            "max": 26.382538365013897,
            "count": 1
        },
        "RaceToGoal.Policy.ExtrinsicReward.sum": {
            "value": 527.650767300278,
            "min": 527.650767300278,
            "max": 527.650767300278,
            "count": 1
        },
        "RaceToGoal.IsTraining.mean": {
            "value": 1.0,
            "min": 1.0,
            "max": 1.0,
            "count": 1
        },
        "RaceToGoal.IsTraining.sum": {
            "value": 1.0,
            "min": 1.0,
            "max": 1.0,
            "count": 1
        }
    },
    "metadata": {
        "timer_format_version": "0.1.0",
        "start_time_seconds": "1730027208",
        "python_version": "3.10.11 (tags/v3.10.11:7d4cc5a, Apr  5 2023, 00:38:17) [MSC v.1929 64 bit (AMD64)]",
        "command_line_arguments": "D:\\Git\\ML-Racing-Game\\venv\\Scripts\\mlagents-learn config/RaceToGoal.yaml --run-id=RaceToGoal",
        "mlagents_version": "1.1.0",
        "mlagents_envs_version": "1.1.0",
        "communication_protocol_version": "1.5.0",
        "pytorch_version": "2.5.0+cpu",
        "numpy_version": "1.23.5",
        "end_time_seconds": "1730027362"
    },
    "total": 153.50883059999978,
    "count": 1,
    "self": 0.017842799996287795,
    "children": {
        "run_training.setup": {
            "total": 0.10497340000074473,
            "count": 1,
            "self": 0.10497340000074473
        },
        "TrainerController.start_learning": {
            "total": 153.38601440000275,
            "count": 1,
            "self": 0.12609950009937165,
            "children": {
                "TrainerController._reset_env": {
                    "total": 13.502070200000162,
                    "count": 1,
                    "self": 13.502070200000162
                },
                "TrainerController.advance": {
                    "total": 139.58365499990396,
                    "count": 3484,
                    "self": 0.11262429975977284,
                    "children": {
                        "env_step": {
                            "total": 98.86897160005174,
                            "count": 3484,
                            "self": 88.77470569987054,
                            "children": {
                                "SubprocessEnvManager._take_step": {
                                    "total": 10.01913130003959,
                                    "count": 3484,
                                    "self": 0.35366130005422747,
                                    "children": {
                                        "TorchPolicy.evaluate": {
                                            "total": 9.665469999985362,
                                            "count": 3484,
                                            "self": 9.665469999985362
                                        }
                                    }
                                },
                                "workers": {
                                    "total": 0.07513460014160955,
                                    "count": 3483,
                                    "self": 0.0,
                                    "children": {
                                        "worker_root": {
                                            "total": 78.88199159997748,
                                            "count": 3483,
                                            "is_parallel": true,
                                            "self": 59.644200700025976,
                                            "children": {
                                                "steps_from_proto": {
                                                    "total": 0.001188700000056997,
                                                    "count": 1,
                                                    "is_parallel": true,
                                                    "self": 0.0005407000026025344,