{
    "name": "root",
    "gauges": {
        "RaceToGoal.Policy.Entropy.mean": {
            "value": 0.5171346068382263,
            "min": 0.4947158396244049,
            "max": 0.8274600505828857,
            "count": 50
        },
        "RaceToGoal.Policy.Entropy.sum": {
            "value": 5175.4833984375,
            "min": 4965.125,
            "max": 8274.6005859375,
            "count": 50
        },
        "RaceToGoal.Step.mean": {
            "value": 499969.0,
            "min": 9959.0,
            "max": 499969.0,
            "count": 50
        },
        "RaceToGoal.Step.sum": {
            "value": 499969.0,
            "min": 9959.0,
            "max": 499969.0,
            "count": 50
        },
        "RaceToGoal.Policy.ExtrinsicValueEstimate.mean": {
            "value": 5.1023383140563965,
            "min": -1.8461495637893677,
            "max": 5.229686737060547,
            "count": 50
        },
        "RaceToGoal.Policy.ExtrinsicValueEstimate.sum": {
            "value": 857.19287109375,
            "min": -304.61468505859375,
            "max": 878.58740234375,
            "count": 50
        },
        "RaceToGoal.Policy.GailValueEstimate.mean": {
            "value": 26.73793601989746,
            "min": 16.632736206054688,
            "max": 31.965232849121094,
            "count": 50
        },
        "RaceToGoal.Policy.GailValueEstimate.sum": {
            "value": 4491.97314453125,
            "min": 2744.4013671875,
            "max": 5460.982421875,
            "count": 50
        },
        "RaceToGoal.Environment.EpisodeLength.mean": {
            "value": 403.16,
            "min": 380.6923076923077,
            "max": 709.375,
            "count": 50
        },
        "RaceToGoal.Environment.EpisodeLength.sum": {
            "value": 10079.0,
            "min": 8529.0,
            "max": 11350.0,
            "count": 50
        },
        "RaceToGoal.Environment.CumulativeReward.mean": {
            "value": 66.38793829192097,
            "min": -30.177079730226023,
            "max": 66.38793829192097,
            "count": 50
        },
        "RaceToGoal.Environment.CumulativeReward.sum": {
            "value": 1593.3105190061033,
            "min": -660.7968022823334,
            "max": 1784.0556905567646,
            "count": 50
        },
        "RaceToGoal.Policy.ExtrinsicReward.mean": {
            "value": 26.55517578132761,
            "min": -12.070832343723037,
            "max": 26.55517578132761,
            "count": 50
        },
        "RaceToGoal.Policy.ExtrinsicReward.sum": {
            "value": 637.3242187518626,
            "min": -264.3187276441604,
            "max": 713.6222858726978,
            "count": 50
        },
        "RaceToGoal.Policy.GailReward.mean": {
            "value": 132.87419644494852,
            "min": 48.08892669822936,
            "max": 197.776482979476,
            "count": 50
        },
        "RaceToGoal.Policy.GailReward.sum": {
            "value": 3188.9807146787643,
            "min": 1057.956387361046,
            "max": 3795.6383103532717,
            "count": 50
        },
        "RaceToGoal.IsTraining.mean": {
            "value": 1.0,
            "min": 1.0,
            "max": 1.0,
            "count": 50
        },
        "RaceToGoal.IsTraining.sum": {
            "value": 1.0,
            "min": 1.0,
            "max": 1.0,
            "count": 50
        },
        "RaceToGoal.Losses.PolicyLoss.mean": {
            "value": 0.05144625583197922,
            "min": 0.0412293906963896,
            "max": 0.05702306037613501,
            "count": 48
        },
        "RaceToGoal.Losses.PolicyLoss.sum": {
            "value": 0.05144625583197922,
            "min": 0.0412293906963896,
            "max": 0.05702306037613501,
            "count": 48
        },
        "RaceToGoal.Losses.ValueLoss.mean": {
            "value": 12.909575812021892,
            "min": 12.47556302944819,
            "max": 55.639859167734784,
            "count": 48
        },
        "RaceToGoal.Losses.ValueLoss.sum": {
            "value": 12.909575812021892,
            "min": 12.47556302944819,
            "max": 55.639859167734784,
            "count": 48
        },
        "RaceToGoal.Policy.LearningRate.mean": {
            "value": 4.156898614399993e-06,
            "min": 4.156898614399993e-06,
            "max": 0.0002938188020604,
            "count": 48
        },
        "RaceToGoal.Policy.LearningRate.sum": {
            "value": 4.156898614399993e-06,
            "min": 4.156898614399993e-06,
            "max": 0.0002938188020604,
            "count": 48
        },
        "RaceToGoal.Policy.Epsilon.mean": {
            "value": 0.10138559999999998,
            "min": 0.10138559999999998,
            "max": 0.19793960000000008,
            "count": 48
        },
        "RaceToGoal.Policy.Epsilon.sum": {
            "value": 0.10138559999999998,
            "min": 0.10138559999999998,
            "max": 0.19793960000000008,
            "count": 48
        },
        "RaceToGoal.Policy.Beta.mean": {
            "value": 0.0005000000000000002,
            "min": 0.0005000000000000002,
            "max": 0.0005000000000000002,
            "count": 48
        },
        "RaceToGoal.Policy.Beta.sum": {
            "value": 0.0005000000000000002,
            "min": 0.0005000000000000002,
            "max": 0.0005000000000000002,
            "count": 48
        },
        "RaceToGoal.Policy.GAILPolicyEstimate.mean": {
            "value": 0.4672026681403319,
            "min": 0.23279950954020023,
            "max": 0.4819438790281614,
            "count": 48
        },
        "RaceToGoal.Policy.GAILPolicyEstimate.sum": {
            "value": 0.4672026681403319,
            "min": 0.23279950954020023,
            "max": 0.4819438790281614,
            "count": 48
        },
        "RaceToGoal.Policy.GAILExpertEstimate.mean": {
            "value": 0.5369542251030605,
            "min": 0.5240633532404899,
            "max": 0.7292329395810763,
            "count": 48
        },
        "RaceToGoal.Policy.GAILExpertEstimate.sum": {
            "value": 0.5369542251030605,
            "min": 0.5240633532404899,
            "max": 0.7292329395810763,
            "count": 48
        },
        "RaceToGoal.Losses.GAILLoss.mean": {
            "value": 1.2916377623875936,
            "min": 0.6803437237938245,
            "max": 1.3270776003599167,
            "count": 48
        },
        "RaceToGoal.Losses.GAILLoss.sum": {
            "value": 1.2916377623875936,
            "min": 0.6803437237938245,
            "max": 1.3270776003599167,
            "count": 48
        },
        "RaceToGoal.Policy.GAILGradMagLoss.mean": {
            "value": 0.007836654916172848,
            "min": 0.006044078298145905,
            "max": 0.07931986878005166,
            "count": 48
        },
        "RaceToGoal.Policy.GAILGradMagLoss.sum": {
            "value": 0.007836654916172848,
            "min": 0.006044078298145905,
            "max": 0.07931986878005166,
            "count": 48
        },
        "RaceToGoal.Losses.PretrainingLoss.mean": {
            "value": 0.2380884841636375,
            "min": 0.2380884841636375,
            "max": 0.760365609769468,
            "count": 48
        },
        "RaceToGoal.Losses.PretrainingLoss.sum": {
            "value": 0.2380884841636375,
            "min": 0.2380884841636375,
            "max": 0.760365609769468,
            "count": 48
        }
    },
    "metadata": {
        "timer_format_version": "0.1.0",
        "start_time_seconds": "1730300437",
        "python_version": "3.10.11 (tags/v3.10.11:7d4cc5a, Apr  5 2023, 00:38:17) [MSC v.1929 64 bit (AMD64)]",
        "command_line_arguments": "D:\\Git\\ML-Racing-Game\\venv\\Scripts\\mlagents-learn config/RaceToGoal2.yaml --initialize-from=RaceToGoal1 --run-id=RaceToGoal2 --force",
        "mlagents_version": "1.1.0",
        "mlagents_envs_version": "1.1.0",