{
    "name": "root",
    "gauges": {
        "RaceToGoal.Policy.Entropy.mean": {
            "value": 0.37215951085090637,
            "min": 0.31783127784729004,
            "max": 0.8159786462783813,
            "count": 50
        },
        "RaceToGoal.Policy.Entropy.sum": {
            "value": 3733.504150390625,
            "min": 3152.88623046875,
            "max": 8355.62109375,
            "count": 50
        },
        "RaceToGoal.Step.mean": {
            "value": 499986.0,
            "min": 9967.0,
            "max": 499986.0,
            "count": 50
        },
        "RaceToGoal.Step.sum": {
            "value": 499986.0,
            "min": 9967.0,
            "max": 499986.0,
            "count": 50
        },
        "RaceToGoal.Policy.ExtrinsicValueEstimate.mean": {
            "value": -0.5544143915176392,
            "min": -1.3267204761505127,
            "max": 0.7867547273635864,
            "count": 50
        },
        "RaceToGoal.Policy.ExtrinsicValueEstimate.sum": {
            "value": -87.04306030273438,
            "min": -209.621826171875,
            "max": 122.7337417602539,
            "count": 50
        },
        "RaceToGoal.Environment.EpisodeLength.mean": {
            "value": 2338.0,
            "min": 868.0,
            "max": 48413.0,
            "count": 22
        },
        "RaceToGoal.Environment.EpisodeLength.sum": {
            "value": 4676.0,
            "min": 868.0,
            "max": 48413.0,
            "count": 22
        },
        "RaceToGoal.Environment.CumulativeReward.mean": {
            "value": -40.49971692636609,
            "min": -195.38536555273458,
            "max": -39.891050554811954,
            "count": 21
        },
        "RaceToGoal.Environment.CumulativeReward.sum": {
            "value": -80.99943385273218,
            "min": -195.38536555273458,
            "max": -39.891050554811954,
            "count": 21
        },
        "RaceToGoal.Policy.ExtrinsicReward.mean": {
            "value": -40.49971692636609,
            "min": -195.38536555273458,
            "max": -39.891050554811954,
            "count": 21
        },
        "RaceToGoal.Policy.ExtrinsicReward.sum": {
            "value": -80.99943385273218,
            "min": -195.38536555273458,
            "max": -39.891050554811954,
            "count": 21
        },
        "RaceToGoal.IsTraining.mean": {
            "value": 1.0,
            "min": 1.0,
            "max": 1.0,
            "count": 50
        },
        "RaceToGoal.IsTraining.sum": {
            "value": 1.0,
            "min": 1.0,
            "max": 1.0,
            "count": 50
        },
        "RaceToGoal.Losses.PolicyLoss.mean": {
            "value": 0.043232093887248385,
            "min": 0.041471600652827574,
            "max": 0.05618185507288823,
            "count": 48
        },
        "RaceToGoal.Losses.PolicyLoss.sum": {
            "value": 0.043232093887248385,
            "min": 0.041471600652827574,
            "max": 0.05618185507288823,
            "count": 48
        },
        "RaceToGoal.Losses.ValueLoss.mean": {
            "value": 0.3341952541843057,
            "min": 0.014459423224131266,
            "max": 1.058910275499026,
            "count": 48
        },
        "RaceToGoal.Losses.ValueLoss.sum": {
            "value": 0.3341952541843057,
            "min": 0.014459423224131266,
            "max": 1.058910275499026,
            "count": 48
        },
        "RaceToGoal.Policy.LearningRate.mean": {
            "value": 3.2796989068000156e-06,
            "min": 3.2796989068000156e-06,
            "max": 0.00029382780205739996,
            "count": 48
        },
        "RaceToGoal.Policy.LearningRate.sum": {
            "value": 3.2796989068000156e-06,
            "min": 3.2796989068000156e-06,
            "max": 0.00029382780205739996,
            "count": 48
        },
        "RaceToGoal.Policy.Epsilon.mean": {
            "value": 0.10109320000000001,
            "min": 0.10109320000000001,
            "max": 0.19794260000000005,
            "count": 48
        },
        "RaceToGoal.Policy.Epsilon.sum": {
            "value": 0.10109320000000001,
            "min": 0.10109320000000001,
            "max": 0.19794260000000005,
            "count": 48
        },
        "RaceToGoal.Policy.Beta.mean": {
            "value": 0.0005000000000000002,
            "min": 0.0005000000000000002,
            "max": 0.0005000000000000002,
            "count": 48
        },
        "RaceToGoal.Policy.Beta.sum": {
            "value": 0.0005000000000000002,
            "min": 0.0005000000000000002,
            "max": 0.0005000000000000002,
            "count": 48
        }
    },
    "metadata": {
        "timer_format_version": "0.1.0",
        "start_time_seconds": "1730901218",
        "python_version": "3.10.11 (tags/v3.10.11:7d4cc5a, Apr  5 2023, 00:38:17) [MSC v.1929 64 bit (AMD64)]",
        "command_line_arguments": "D:\\Git\\ML-Racing-Game\\venv\\Scripts\\mlagents-learn config/RaceToGoal8.yaml --initialize-from=RaceToGoal9 --run-id=RaceToGoal10",
        "mlagents_version": "1.1.0",
        "mlagents_envs_version": "1.1.0",
        "communication_protocol_version": "1.5.0",
        "pytorch_version": "2.5.0+cpu",
        "numpy_version": "1.23.5",
        "end_time_seconds": "1730901956"
    },
    "total": 737.7171344000017,
    "count": 1,
    "self": 0.005487399997946341,
    "children": {
        "run_training.setup": {
            "total": 0.07944620000489522,
            "count": 1,
            "self": 0.07944620000489522
        },
        "TrainerController.start_learning": {
            "total": 737.6322007999988,
            "count": 1,
            "self": 1.498349300447444,
            "children": {
                "TrainerController._reset_env": {
                    "total": 11.206136900000274,
                    "count": 1,
                    "self": 11.206136900000274
                },
                "TrainerController.advance": {
                    "total": 724.8692258995507,
                    "count": 62537,
                    "self": 1.340528299449943,
                    "children": {
                        "env_step": {
                            "total": 536.7952757006206,
                            "count": 62537,
                            "self": 395.17865739994886,
                            "children": {
                                "SubprocessEnvManager._take_step": {
                                    "total": 140.6397402005823,
                                    "count": 62537,
                                    "self": 4.379231300539686,
                                    "children": {
                                        "TorchPolicy.evaluate": {
                                            "total": 136.26050890004262,
                                            "count": 62537,
                                            "self": 136.26050890004262
                                        }
                                    }
                                },
                                "workers": {
                                    "total": 0.9768781000893796,
                                    "count": 62537,
                                    "self": 0.0,
                                    "children": {
                                        "worker_root": {
                                            "total": 726.5265017994825,
                                            "count": 62537,
                                            "is_parallel": true,
                                            "self": 426.8676613994394,
                                            "children": {
                                                "steps_from_proto": {
                                                    "total": 0.0006049000003258698,
                                                    "count": 1,