{
    "name": "root",
    "gauges": {
        "RaceToGoal.Policy.Entropy.mean": {
            "value": 0.364244282245636,
            "min": 0.22887951135635376,
            "max": 0.5958247780799866,
            "count": 50
        },
        "RaceToGoal.Policy.Entropy.sum": {
            "value": 3630.786865234375,
            "min": 2283.302001953125,
            "max": 5996.380859375,
            "count": 50
        },
        "RaceToGoal.Step.mean": {
            "value": 499995.0,
            "min": 9991.0,
            "max": 499995.0,
            "count": 50
        },
        "RaceToGoal.Step.sum": {
            "value": 499995.0,
            "min": 9991.0,
            "max": 499995.0,
            "count": 50
        },
        "RaceToGoal.Policy.ExtrinsicValueEstimate.mean": {
            "value": 1.9354783296585083,
            "min": 0.25668424367904663,
            "max": 5.133029937744141,
            "count": 50
        },
        "RaceToGoal.Policy.ExtrinsicValueEstimate.sum": {
            "value": 315.48297119140625,
            "min": 41.582847595214844,
            "max": 826.4178466796875,
            "count": 50
        },
        "RaceToGoal.Environment.EpisodeLength.mean": {
            "value": 934.7272727272727,
            "min": 682.4444444444445,
            "max": 1137.857142857143,
            "count": 50
        },
        "RaceToGoal.Environment.EpisodeLength.sum": {
            "value": 10282.0,
            "min": 6142.0,
            "max": 12428.0,
            "count": 50
        },
        "RaceToGoal.Environment.CumulativeReward.mean": {
            "value": 18.79741454395381,
            "min": -25.373378050824005,
            "max": 57.474536563456056,
            "count": 50
        },
        "RaceToGoal.Environment.CumulativeReward.sum": {
            "value": 206.7715599834919,
            "min": -304.4805366098881,
            "max": 620.6580128669739,
            "count": 50
        },
        "RaceToGoal.Policy.ExtrinsicReward.mean": {
            "value": 18.79741454395381,
            "min": -25.373378050824005,
            "max": 57.474536563456056,
            "count": 50
        },
        "RaceToGoal.Policy.ExtrinsicReward.sum": {
            "value": 206.7715599834919,
            "min": -304.4805366098881,
            "max": 620.6580128669739,
            "count": 50
        },
        "RaceToGoal.IsTraining.mean": {
            "value": 1.0,
            "min": 1.0,
            "max": 1.0,
            "count": 50
        },
        "RaceToGoal.IsTraining.sum": {
            "value": 1.0,
            "min": 1.0,
            "max": 1.0,
            "count": 50
        },
        "RaceToGoal.Losses.PolicyLoss.mean": {
            "value": 0.052942175885740045,
            "min": 0.0380465306302843,
            "max": 0.055565814377041535,
            "count": 48
        },
        "RaceToGoal.Losses.PolicyLoss.sum": {
            "value": 0.052942175885740045,
            "min": 0.0380465306302843,
            "max": 0.055565814377041535,
            "count": 48
        },
        "RaceToGoal.Losses.ValueLoss.mean": {
            "value": 2.6292880723873773,
            "min": 2.5103433638811112,
            "max": 6.7681571046511335,
            "count": 48
        },
        "RaceToGoal.Losses.ValueLoss.sum": {
            "value": 2.6292880723873773,
            "min": 2.5103433638811112,
            "max": 6.7681571046511335,
            "count": 48
        },
        "RaceToGoal.Policy.LearningRate.mean": {
            "value": 4.009298663600012e-06,
            "min": 4.009298663600012e-06,
            "max": 0.0002938518020494,
            "count": 48
        },
        "RaceToGoal.Policy.LearningRate.sum": {
            "value": 4.009298663600012e-06,
            "min": 4.009298663600012e-06,
            "max": 0.0002938518020494,
            "count": 48
        },
        "RaceToGoal.Policy.Epsilon.mean": {
            "value": 0.10133640000000005,
            "min": 0.10133640000000005,
            "max": 0.1979506,
            "count": 48
        },
        "RaceToGoal.Policy.Epsilon.sum": {
            "value": 0.10133640000000005,
            "min": 0.10133640000000005,
            "max": 0.1979506,
            "count": 48
        },
        "RaceToGoal.Policy.Beta.mean": {
            "value": 0.0005000000000000002,
            "min": 0.0005000000000000002,
            "max": 0.0005000000000000002,
            "count": 48
        },
        "RaceToGoal.Policy.Beta.sum": {
            "value": 0.0005000000000000002,
            "min": 0.0005000000000000002,
            "max": 0.0005000000000000002,
            "count": 48
        }
    },
    "metadata": {
        "timer_format_version": "0.1.0",
        "start_time_seconds": "1731001445",
        "python_version": "3.10.11 (tags/v3.10.11:7d4cc5a, Apr  5 2023, 00:38:17) [MSC v.1929 64 bit (AMD64)]",
        "command_line_arguments": "D:\\Git\\ML-Racing-Game\\venv\\Scripts\\mlagents-learn config/RaceToGoal12.yaml --initialize-from=RaceToGoal23 --run-id=RaceToGoal24 --force",
        "mlagents_version": "1.1.0",
        "mlagents_envs_version": "1.1.0",
        "communication_protocol_version": "1.5.0",
        "pytorch_version": "2.5.0+cpu",
        "numpy_version": "1.23.5",
        "end_time_seconds": "1731002332"
    },
    "total": 887.7803600000007,
    "count": 1,
    "self": 0.011319199998979457,
    "children": {
        "run_training.setup": {
            "total": 0.06459990000075777,
            "count": 1,
            "self": 0.06459990000075777
        },
        "TrainerController.start_learning": {
            "total": 887.7044409000009,
            "count": 1,
            "self": 1.9370429996306484,
            "children": {
                "TrainerController._reset_env": {
                    "total": 9.459446000000753,
                    "count": 1,
                    "self": 9.459446000000753
                },
                "TrainerController.advance": {
                    "total": 876.2008013003688,
                    "count": 62529,
                    "self": 1.683175200709229,
                    "children": {
                        "env_step": {
                            "total": 641.1615789997595,
                            "count": 62529,
                            "self": 459.72050480030885,
                            "children": {
                                "SubprocessEnvManager._take_step": {
                                    "total": 180.19234109909667,
                                    "count": 62529,
                                    "self": 5.606365599203855,
                                    "children": {
                                        "TorchPolicy.evaluate": {
                                            "total": 174.5859754998928,
                                            "count": 62529,
                                            "self": 174.5859754998928
                                        }
                                    }
                                },
                                "workers": {
                                    "total": 1.248733100354002,
                                    "count": 62529,
                                    "self": 0.0,
                                    "children": {
                                        "worker_root": {
                                            "total": 877.7118874001608,
                                            "count": 62529,
                                            "is_parallel": true,
                                            "self": 535.3762553004781,
                                            "children": {
                                                "steps_from_proto": {
                                                    "total": 0.000603899999987334,
                                                    "count": 1,