{
    "name": "root",
    "gauges": {
        "RaceToGoal.Policy.Entropy.mean": {
            "value": 0.28451696038246155,
            "min": 0.2366126924753189,
            "max": 0.49338051676750183,
            "count": 50
        },
        "RaceToGoal.Policy.Entropy.sum": {
            "value": 2858.826416015625,
            "min": 2373.698486328125,
            "max": 4985.11669921875,
            "count": 50
        },
        "RaceToGoal.Step.mean": {
            "value": 499941.0,
            "min": 9945.0,
            "max": 499941.0,
            "count": 50
        },
        "RaceToGoal.Step.sum": {
            "value": 499941.0,
            "min": 9945.0,
            "max": 499941.0,
            "count": 50
        },
        "RaceToGoal.Policy.ExtrinsicValueEstimate.mean": {
            "value": 8.78160285949707,
            "min": -1.2567999362945557,
            "max": 8.810172080993652,
            "count": 50
        },
        "RaceToGoal.Policy.ExtrinsicValueEstimate.sum": {
            "value": 1396.2747802734375,
            "min": -199.83119201660156,
            "max": 1409.6275634765625,
            "count": 50
        },
        "RaceToGoal.Environment.EpisodeLength.mean": {
            "value": 1334.857142857143,
            "min": 592.8,
            "max": 2331.75,
            "count": 50
        },
        "RaceToGoal.Environment.EpisodeLength.sum": {
            "value": 9344.0,
            "min": 2964.0,
            "max": 12316.0,
            "count": 50
        },
        "RaceToGoal.Environment.CumulativeReward.mean": {
            "value": 128.79683417081833,
            "min": -40.036893248558044,
            "max": 128.88101286441088,
            "count": 50
        },
        "RaceToGoal.Environment.CumulativeReward.sum": {
            "value": 901.5778391957283,
            "min": -201.3486967086792,
            "max": 1031.048102915287,
            "count": 50
        },
        "RaceToGoal.Policy.ExtrinsicReward.mean": {
            "value": 128.79683417081833,
            "min": -40.036893248558044,
            "max": 128.88101286441088,
            "count": 50
        },
        "RaceToGoal.Policy.ExtrinsicReward.sum": {
            "value": 901.5778391957283,
            "min": -201.3486967086792,
            "max": 1031.048102915287,
            "count": 50
        },
        "RaceToGoal.IsTraining.mean": {
            "value": 1.0,
            "min": 1.0,
            "max": 1.0,
            "count": 50
        },
        "RaceToGoal.IsTraining.sum": {
            "value": 1.0,
            "min": 1.0,
            "max": 1.0,
            "count": 50
        },
        "RaceToGoal.Losses.PolicyLoss.mean": {
            "value": 0.050669803720666096,
            "min": 0.042850301511740935,
            "max": 0.055011063711329675,
            "count": 48
        },
        "RaceToGoal.Losses.PolicyLoss.sum": {
            "value": 0.050669803720666096,
            "min": 0.042850301511740935,
            "max": 0.055011063711329675,
            "count": 48
        },
        "RaceToGoal.Losses.ValueLoss.mean": {
            "value": 2.0204194843769074,
            "min": 1.8647056798140207,
            "max": 6.065592960516612,
            "count": 48
        },
        "RaceToGoal.Losses.ValueLoss.sum": {
            "value": 2.0204194843769074,
            "min": 1.8647056798140207,
            "max": 6.065592960516612,
            "count": 48
        },
        "RaceToGoal.Policy.LearningRate.mean": {
            "value": 4.0662986445999866e-06,
            "min": 4.0662986445999866e-06,
            "max": 0.00029384100205299995,
            "count": 48
        },
        "RaceToGoal.Policy.LearningRate.sum": {
            "value": 4.0662986445999866e-06,
            "min": 4.0662986445999866e-06,
            "max": 0.00029384100205299995,
            "count": 48
        },
        "RaceToGoal.Policy.Epsilon.mean": {
            "value": 0.10135540000000004,
            "min": 0.10135540000000004,
            "max": 0.19794700000000007,
            "count": 48
        },
        "RaceToGoal.Policy.Epsilon.sum": {
            "value": 0.10135540000000004,
            "min": 0.10135540000000004,
            "max": 0.19794700000000007,
            "count": 48
        },
        "RaceToGoal.Policy.Beta.mean": {
            "value": 0.0005000000000000002,
            "min": 0.0005000000000000002,
            "max": 0.0005000000000000002,
            "count": 48
        },
        "RaceToGoal.Policy.Beta.sum": {
            "value": 0.0005000000000000002,
            "min": 0.0005000000000000002,
            "max": 0.0005000000000000002,
            "count": 48
        }
    },
    "metadata": {
        "timer_format_version": "0.1.0",
        "start_time_seconds": "1731002915",
        "python_version": "3.10.11 (tags/v3.10.11:7d4cc5a, Apr  5 2023, 00:38:17) [MSC v.1929 64 bit (AMD64)]",
        "command_line_arguments": "D:\\Git\\ML-Racing-Game\\venv\\Scripts\\mlagents-learn config/RaceToGoal12.yaml --initialize-from=RaceToGoal24 --run-id=RaceToGoal25 --force",
        "mlagents_version": "1.1.0",
        "mlagents_envs_version": "1.1.0",
        "communication_protocol_version": "1.5.0",
        "pytorch_version": "2.5.0+cpu",
        "numpy_version": "1.23.5",
        "end_time_seconds": "1731004042"
    },
    "total": 1127.2448817000004,
    "count": 1,
    "self": 0.018967999996675644,
    "children": {
        "run_training.setup": {
            "total": 0.06234060000133468,
            "count": 1,
            "self": 0.06234060000133468
        },
        "TrainerController.start_learning": {
            "total": 1127.1635731000024,
            "count": 1,
            "self": 2.081413899664767,
            "children": {
                "TrainerController._reset_env": {
                    "total": 9.608764299999166,
                    "count": 1,
                    "self": 9.608764299999166
                },
                "TrainerController.advance": {
                    "total": 1115.375739200339,
                    "count": 62531,
                    "self": 1.8757069000494084,
                    "children": {
                        "env_step": {
                            "total": 867.4055315002806,
                            "count": 62531,
                            "self": 666.1362209005529,
                            "children": {
                                "SubprocessEnvManager._take_step": {
                                    "total": 199.91758899970955,
                                    "count": 62531,
                                    "self": 6.206323399812391,
                                    "children": {
                                        "TorchPolicy.evaluate": {
                                            "total": 193.71126559989716,
                                            "count": 62531,
                                            "self": 193.71126559989716
                                        }
                                    }
                                },
                                "workers": {
                                    "total": 1.3517216000182088,
                                    "count": 62531,
                                    "self": 0.0,
                                    "children": {
                                        "worker_root": {
                                            "total": 1116.723958700255,
                                            "count": 62531,
                                            "is_parallel": true,
                                            "self": 574.9840498999911,
                                            "children": {
                                                "steps_from_proto": {
                                                    "total": 0.0006237000015971716,
                                                    "count": 1,